frame,x0,y0,c0,x1,y1,c1,x2,y2,c2,x3,y3,c3,x4,y4,c4,x5,y5,c5,x6,y6,c6,x7,y7,c7,x8,y8,c8,x9,y9,c9,x10,y10,c10,x11,y11,c11,x12,y12,c12,x13,y13,c13,x14,y14,c14,x15,y15,c15,x16,y16,c16
0,272.7062683105469,503.4079284667969,0.7198296189308167,275.587158203125,481.70916748046875,0.8056812286376953,273.50494384765625,481.7872314453125,0.04877474531531334,328.802734375,448.1996154785156,0.9115434288978577,328.8693542480469,449.0901184082031,0.016172731295228004,386.509765625,530.029296875,0.9977186918258667,405.6001281738281,502.13555908203125,0.9674373865127563,351.0152893066406,716.2086181640625,0.9984551668167114,387.0301208496094,672.3841552734375,0.5023151636123657,275.7625427246094,619.301513671875,0.9819174408912659,302.27484130859375,620.6913452148438,0.4857076406478882,490.3828125,801.5626831054688,0.9947552680969238,478.6120300292969,771.1359252929688,0.9914876222610474,344.5825500488281,992.9065551757812,0.995843231678009,348.15069580078125,886.8456420898438,0.9971018433570862,428.6810607910156,1203.99560546875,0.9174876809120178,441.4300537109375,1082.527099609375,0.9916279315948486
1,270.574462890625,447.11456298828125,0.19708822667598724,269.5334167480469,426.41064453125,0.16002242267131805,278.66278076171875,421.96136474609375,0.015263543464243412,304.9014587402344,402.17755126953125,0.6301860809326172,348.2571716308594,392.62432861328125,0.12787757813930511,384.55865478515625,486.74932861328125,0.997177004814148,416.343505859375,464.2514343261719,0.9726086854934692,366.23736572265625,674.663330078125,0.9986938834190369,398.1258544921875,634.2913208007812,0.6255984306335449,282.4296569824219,583.2861328125,0.9820992946624756,310.8379211425781,581.4207153320312,0.6517012119293213,481.3893127441406,771.971923828125,0.9957701563835144,477.12310791015625,744.04833984375,0.9926625490188599,361.14849853515625,982.8269653320312,0.9976522326469421,365.8255920410156,898.4619140625,0.9975213408470154,428.9996032714844,1205.2564697265625,0.9457476735115051,442.413330078125,1090.01953125,0.9896661043167114
2,282.99993896484375,381.4827575683594,0.36964577436447144,282.859130859375,360.26300048828125,0.2669673562049866,288.84869384765625,361.1465148925781,0.00924813374876976,323.20428466796875,341.76812744140625,0.74319988489151,353.2517395019531,343.2974853515625,0.03134661540389061,394.1550598144531,447.1767272949219,0.9975766539573669,415.71380615234375,427.77862548828125,0.9638224244117737,375.24920654296875,638.0596313476562,0.9984706044197083,413.98126220703125,592.19140625,0.43840473890304565,287.7492370605469,554.4677124023438,0.9882468581199646,322.5649108886719,542.1973876953125,0.4642445743083954,471.3565368652344,732.33837890625,0.9955854415893555,474.0153503417969,714.9447631835938,0.9882850646972656,380.94952392578125,969.45556640625,0.9981679916381836,393.72296142578125,928.2581787109375,0.9957096576690674,427.724853515625,1209.3187255859375,0.9687730669975281,444.986572265625,1108.7587890625,0.9856008887290955
3,298.3925476074219,365.6485900878906,0.17012947797775269,295.0959777832031,344.6865234375,0.1433597207069397,307.1287536621094,341.5696105957031,0.00404135650023818,327.59576416015625,322.2669677734375,0.8751218914985657,378.9436340332031,315.08233642578125,0.09417115151882172,398.9179382324219,422.26751708984375,0.9986936450004578,434.3846130371094,395.486572265625,0.9655783772468567,388.3113098144531,608.6827392578125,0.9978360533714294,426.3320617675781,568.6687622070312,0.3081263303756714,297.5544738769531,540.0317993164062,0.9863374829292297,329.93701171875,535.5272216796875,0.4499129056930542,460.6249084472656,717.980224609375,0.994204580783844,490.79254150390625,701.5794677734375,0.9730015397071838,397.19268798828125,965.7294921875,0.9971300959587097,427.73162841796875,946.117431640625,0.98359215259552,431.351806640625,1206.4219970703125,0.9738483428955078,434.7655944824219,1141.669677734375,0.960233211517334
4,334.6430358886719,334.407470703125,0.07570165395736694,335.0851745605469,313.8392639160156,0.03135461360216141,342.9092102050781,314.74505615234375,0.003608237486332655,359.3568115234375,302.083251953125,0.3772580325603485,396.9189453125,301.028564453125,0.08649435639381409,400.25286865234375,405.7232666015625,0.9969595670700073,439.3079833984375,391.5870666503906,0.9450063705444336,405.4555969238281,593.16064453125,0.9984238147735596,435.4787902832031,560.7025756835938,0.19710004329681396,308.7133483886719,534.7258911132812,0.9886738657951355,345.797119140625,525.724609375,0.16976656019687653,450.31719970703125,716.4617309570312,0.9948487281799316,485.1031494140625,703.592529296875,0.9657206535339355,414.3729248046875,964.503173828125,0.9971790313720703,429.3035888671875,923.26123046875,0.9602002501487732,435.40960693359375,1204.5673828125,0.9884029030799866,426.18670654296875,1099.193359375,0.9708216786384583
5,312.17547607421875,337.6145935058594,0.10029787570238113,310.6081237792969,315.2101135253906,0.08361747860908508,322.86627197265625,311.1689453125,0.004097895231097937,348.4655456542969,296.57220458984375,0.7644922137260437,397.209228515625,285.8056945800781,0.14060352742671967,415.8531494140625,404.8397216796875,0.9981953501701355,451.9171447753906,379.8338317871094,0.955798327922821,421.7881774902344,596.5680541992188,0.9974187612533569,456.3470458984375,563.0348510742188,0.12581437826156616,318.6520690917969,531.2958374023438,0.9880626201629639,364.1194152832031,532.2553100585938,0.1439141482114792,442.11126708984375,719.6996459960938,0.9948539137840271,473.69647216796875,700.0693359375,0.9715286493301392,429.9837646484375,959.1968994140625,0.9971676468849182,431.4881591796875,918.2371215820312,0.9819237589836121,439.9504699707031,1191.1397705078125,0.9897183179855347,431.543701171875,1083.984130859375,0.9882020354270935
6,330.0267639160156,321.2451477050781,0.027910683304071426,327.12554931640625,300.17987060546875,0.01850135438144207,344.09954833984375,295.2012023925781,0.001683299196884036,348.2400207519531,293.4755859375,0.7748361229896545,416.5623474121094,279.88226318359375,0.32722529768943787,417.57720947265625,408.0395812988281,0.9985394477844238,451.54339599609375,387.8963928222656,0.9564942717552185,432.9228515625,600.0364990234375,0.9971018433570862,447.83941650390625,557.6146240234375,0.06708937138319016,323.3976135253906,528.0576782226562,0.9827441573143005,357.34490966796875,528.1986694335938,0.07962056994438171,437.5634460449219,724.300537109375,0.9947342872619629,464.1910705566406,706.6185913085938,0.9667441248893738,429.1482238769531,962.8820190429688,0.9977012276649475,430.4563903808594,924.0255737304688,0.9825495481491089,447.43548583984375,1192.396484375,0.9899280667304993,433.39373779296875,1085.3736572265625,0.9876927733421326
7,335.63360595703125,315.8802185058594,0.04399257153272629,334.24859619140625,294.4612731933594,0.0324397049844265,349.21368408203125,291.4629821777344,0.0019490978447720408,361.5658264160156,286.4018249511719,0.7832654118537903,420.892822265625,276.2702331542969,0.2126951813697815,423.458251953125,401.61962890625,0.9981195330619812,449.37799072265625,382.5931701660156,0.9419329166412354,437.1531982421875,594.443603515625,0.9967042803764343,444.1089172363281,551.749267578125,0.07450104504823685,332.0306701660156,534.9131469726562,0.9877689480781555,359.15203857421875,524.9688720703125,0.10511500388383865,435.87591552734375,717.7146606445312,0.9947222471237183,455.1647033691406,701.7940673828125,0.964827835559845,431.0450744628906,956.9345092773438,0.9976528286933899,423.7371826171875,919.1456298828125,0.9821500182151794,450.435302734375,1188.391357421875,0.9906444549560547,430.8656921386719,1081.09228515625,0.9886367917060852
8,322.4775695800781,315.84173583984375,0.13212259113788605,324.73504638671875,295.71307373046875,0.0945526510477066,335.8775939941406,293.28338623046875,0.002983681159093976,371.7122802734375,286.0938720703125,0.7754128575325012,417.38836669921875,275.28240966796875,0.10095403343439102,428.38507080078125,406.5375671386719,0.9973873496055603,464.84930419921875,372.4200744628906,0.9575052857398987,437.9383850097656,590.9053955078125,0.9968252182006836,507.641845703125,417.74755859375,0.20867964625358582,333.46490478515625,534.6253662109375,0.9929185509681702,457.87713623046875,359.1461486816406,0.3045336902141571,433.4875183105469,714.5490112304688,0.9948739409446716,457.6461486816406,697.38916015625,0.9738833904266357,430.5743103027344,951.1552734375,0.9975850582122803,425.1318054199219,910.2627563476562,0.9858551621437073,449.07330322265625,1184.8895263671875,0.9908877611160278,431.016845703125,1074.6990966796875,0.9911788105964661
9,336.2703552246094,316.3196716308594,0.08517436683177948,338.27197265625,295.5064697265625,0.052547890692949295,349.0909118652344,294.87164306640625,0.0030233445577323437,374.2593688964844,288.11444091796875,0.6413367986679077,418.9176940917969,281.5625,0.1093335822224617,428.12225341796875,403.64874267578125,0.9975451827049255,445.09881591796875,383.34332275390625,0.931475043296814,439.22808837890625,596.7420043945312,0.9971068501472473,441.16229248046875,541.3601684570312,0.07310152798891068,331.4005126953125,534.6131591796875,0.9887951612472534,360.3462829589844,515.6566162109375,0.10239920020103455,435.22796630859375,717.53271484375,0.994884192943573,445.9285888671875,702.5142822265625,0.9627095460891724,425.0575256347656,958.548583984375,0.9975289702415466,421.0994567871094,924.233154296875,0.9756166934967041,448.0158386230469,1192.78369140625,0.9882396459579468,428.1128234863281,1084.6737060546875,0.9811216592788696
10,335.9162902832031,317.98675537109375,0.0952463299036026,337.12347412109375,297.2589416503906,0.0598200298845768,348.5766906738281,295.6275634765625,0.002622039522975683,372.4928894042969,288.2059631347656,0.7052257061004639,419.6198425292969,280.0393371582031,0.09812472015619278,426.68853759765625,404.52142333984375,0.9979762434959412,447.8120422363281,382.37823486328125,0.9486983418464661,435.70721435546875,593.9768676757812,0.9974210262298584,438.5975646972656,544.7389526367188,0.0965096578001976,324.8767395019531,531.3038330078125,0.9906854033470154,356.6737060546875,519.0490112304688,0.1335369199514389,434.17340087890625,717.1170654296875,0.9960564374923706,456.30810546875,700.9545288085938,0.9714937806129456,417.2550048828125,961.1174926757812,0.9978123903274536,422.24371337890625,925.5707397460938,0.9762400388717651,441.85858154296875,1201.5198974609375,0.984616219997406,430.5740661621094,1093.2908935546875,0.9724665284156799
11,327.63763427734375,325.9345703125,0.11285072565078735,331.2442626953125,305.044189453125,0.10112114250659943,340.0614318847656,303.5100402832031,0.003419535467401147,379.6004333496094,298.55218505859375,0.7432504296302795,418.2284240722656,289.85400390625,0.07305067777633667,427.2374572753906,413.5765380859375,0.9970916509628296,460.4163818359375,390.4178466796875,0.9188811779022217,429.810302734375,597.5128173828125,0.9957942962646484,445.70538330078125,554.1591796875,0.06549297273159027,317.8794860839844,529.4880981445312,0.9891589283943176,358.1491394042969,533.5950927734375,0.08269083499908447,439.9026794433594,730.4404907226562,0.9950882792472839,476.865966796875,713.1768188476562,0.9609239101409912,414.7377624511719,973.4700317382812,0.9958121180534363,435.6575622558594,935.116943359375,0.9542614221572876,436.6688537597656,1208.42041015625,0.9815232157707214,439.04400634765625,1114.726318359375,0.9634788036346436
12,303.46820068359375,345.209716796875,0.17872969806194305,304.18133544921875,323.56878662109375,0.10822302103042603,313.8730773925781,321.5885009765625,0.0041021727956831455,345.8868408203125,312.6943054199219,0.6672776937484741,387.06439208984375,305.96636962890625,0.06333527714014053,418.5318298339844,418.40380859375,0.9974045157432556,433.11297607421875,404.0869140625,0.9697283506393433,427.1575927734375,604.9169921875,0.997267484664917,442.4166259765625,576.3988647460938,0.277238667011261,320.13134765625,541.281494140625,0.9900442361831665,360.4989013671875,545.2435913085938,0.22128517925739288,450.7427673339844,738.7145385742188,0.9944750666618347,458.9158935546875,723.440185546875,0.9744500517845154,414.34832763671875,986.7786254882812,0.9975455403327942,403.3714904785156,951.9230346679688,0.9810716509819031,435.940185546875,1213.9326171875,0.9850955605506897,418.8568115234375,1101.402587890625,0.9775609374046326
13,305.5995178222656,361.89617919921875,0.28235960006713867,305.77532958984375,341.613525390625,0.16968029737472534,315.8023681640625,340.3036193847656,0.003828373271971941,348.8606872558594,327.360595703125,0.7206196784973145,389.730712890625,322.5357971191406,0.028592189773917198,412.862060546875,433.3708190917969,0.9975073933601379,440.95465087890625,412.9816589355469,0.9647700190544128,413.42816162109375,618.0540161132812,0.9977895021438599,447.06829833984375,587.718017578125,0.25777044892311096,317.538818359375,559.2402954101562,0.9879124760627747,357.2034606933594,555.07568359375,0.2816089689731598,459.07061767578125,749.057861328125,0.9946222305297852,467.9730529785156,731.77978515625,0.9742205739021301,402.9634094238281,988.5596923828125,0.9981594681739807,395.5960388183594,949.816162109375,0.9844573140144348,431.61358642578125,1214.255859375,0.9823540449142456,415.6368713378906,1105.36572265625,0.972752034664154
14,293.11016845703125,391.7408752441406,0.30873119831085205,291.79986572265625,370.59912109375,0.2665518820285797,304.3254699707031,368.0332336425781,0.003947537858039141,329.513916015625,351.3251037597656,0.8532710075378418,375.86688232421875,344.2655029296875,0.018860777840018272,403.3080139160156,454.244384765625,0.9978955984115601,431.58392333984375,429.9578552246094,0.9565154314041138,405.32000732421875,646.3887329101562,0.9959074258804321,437.15838623046875,602.015625,0.2536206841468811,307.36419677734375,577.0921630859375,0.9759737849235535,345.35003662109375,570.0968627929688,0.16827376186847687,472.11297607421875,760.4749755859375,0.9945118427276611,475.6607971191406,739.7369384765625,0.9733075499534607,388.1554870605469,992.53564453125,0.9975749850273132,382.33087158203125,952.2219848632812,0.979626476764679,430.3315124511719,1220.8900146484375,0.9697241187095642,420.9139099121094,1121.229736328125,0.9505399465560913
15,294.8189392089844,420.79058837890625,0.2877006232738495,296.50079345703125,400.13348388671875,0.3074975609779358,303.7720031738281,400.16943359375,0.00903355423361063,340.1631774902344,385.2322082519531,0.8677770495414734,369.8349609375,382.6630859375,0.048573873937129974,402.6252746582031,491.4881591796875,0.9975029826164246,415.6337890625,469.4020690917969,0.9764460325241089,392.9678039550781,681.6445922851562,0.9966968297958374,409.8528747558594,638.4755859375,0.6780661940574646,301.1512145996094,613.193115234375,0.9742363095283508,322.2376708984375,604.3485717773438,0.758823037147522,490.4010925292969,776.0055541992188,0.9956676959991455,477.3155212402344,751.0526123046875,0.9896047115325928,373.09515380859375,992.2201538085938,0.997890055179596,366.969970703125,900.1375122070312,0.995320737361908,434.0364074707031,1225.064697265625,0.9533101916313171,433.4991760253906,1094.5391845703125,0.9840869307518005
16,334.56890869140625,578.6820068359375,0.29847556352615356,345.7726745605469,550.5516967773438,0.19614867866039276,329.4698486328125,553.6689453125,0.09014005213975906,385.2056579589844,550.3150634765625,0.2027367502450943,362.4917297363281,556.1174926757812,0.051175378262996674,452.26007080078125,641.2174682617188,0.465095579624176,429.1990966796875,619.3876953125,0.6715139746665955,453.76995849609375,758.6409912109375,0.39662590622901917,475.8958740234375,723.7440185546875,0.22456438839435577,375.3639221191406,794.879638671875,0.20826473832130432,447.2095947265625,797.4380493164062,0.1439952254295349,512.1826171875,818.7556762695312,0.874675452709198,482.87432861328125,786.6505126953125,0.891373872756958,352.66510009765625,995.4149780273438,0.996416449546814,356.51416015625,891.3323974609375,0.9930359721183777,428.49127197265625,1233.542236328125,0.9724470376968384,440.6486511230469,1116.09033203125,0.981196403503418
17,281.0174255371094,546.2327270507812,0.3309359550476074,283.6993408203125,528.0618286132812,0.23591630160808563,289.9551086425781,526.639892578125,0.020786410197615623,328.321533203125,513.767578125,0.4912843704223633,355.39288330078125,507.5658874511719,0.051457181572914124,387.52850341796875,601.2576293945312,0.9948087930679321,413.6335754394531,570.9801025390625,0.9768378734588623,355.5702819824219,785.7575073242188,0.9985771179199219,390.54388427734375,736.4588012695312,0.9342978000640869,271.69732666015625,700.2906494140625,0.9821381568908691,302.5870361328125,691.53125,0.9665437340736389,510.1764221191406,853.8766479492188,0.9947081804275513,501.6959228515625,821.8496704101562,0.9934558272361755,346.18408203125,1013.217529296875,0.9979769587516785,353.40789794921875,904.89990234375,0.9981775283813477,427.57684326171875,1230.876708984375,0.9631075263023376,435.3907165527344,1097.7181396484375,0.9937095642089844
18,284.2233581542969,600.7944946289062,0.14436255395412445,284.7011413574219,584.1729736328125,0.11760859191417694,291.64453125,581.2229614257812,0.010324595496058464,319.46942138671875,567.5626220703125,0.4382111728191376,351.0367126464844,559.8978881835938,0.028654832392930984,382.5140075683594,647.5372314453125,0.9922226071357727,407.21441650390625,613.051025390625,0.922278106212616,341.7655029296875,825.3651123046875,0.9990302324295044,377.7242126464844,776.5223388671875,0.88347327709198,256.6796569824219,727.3243408203125,0.9779849052429199,279.30865478515625,721.7646484375,0.911636471748352,521.5516967773438,869.0569458007812,0.9762946963310242,529.9671020507812,849.537841796875,0.9384675621986389,362.6308898925781,1000.15625,0.8351532220840454,393.0379943847656,987.6500244140625,0.5400651097297668,419.2079772949219,1250.07568359375,0.8038992881774902,434.41583251953125,1240.4674072265625,0.6259450912475586
19,263.2577209472656,622.18359375,0.36823445558547974,270.93853759765625,603.8388061523438,0.26396438479423523,270.2513732910156,602.6058349609375,0.049880728125572205,317.7461242675781,593.3455810546875,0.34469980001449585,328.46063232421875,586.3706665039062,0.04717061296105385,382.17840576171875,686.5618896484375,0.9921006560325623,392.3405456542969,651.614013671875,0.9671679139137268,329.6084289550781,867.0152587890625,0.9987358450889587,366.4314880371094,810.76806640625,0.8486213088035583,255.32504272460938,758.9596557617188,0.9900804162025452,282.47772216796875,750.6931762695312,0.8166155219078064,514.9857177734375,926.6983032226562,0.9955831170082092,496.04638671875,885.5492553710938,0.9946305751800537,323.3848876953125,1035.16162109375,0.9965840578079224,339.2946472167969,898.72412109375,0.9975152015686035,428.8023986816406,1229.1611328125,0.9759075045585632,434.22479248046875,1090.7164306640625,0.9972661733627319
20,274.9886474609375,699.96337890625,0.1407075673341751,286.71429443359375,683.3512573242188,0.06832423806190491,276.4908142089844,682.2011108398438,0.021655818447470665,332.4120178222656,668.5430908203125,0.09441909939050674,310.5606994628906,663.3936767578125,0.015358423814177513,380.0692443847656,728.5197143554688,0.9664953947067261,371.2543029785156,698.2845458984375,0.8551242351531982,321.0304260253906,897.3338623046875,0.9987996816635132,337.4559631347656,798.1371459960938,0.4750342071056366,252.84066772460938,775.6806640625,0.9803953766822815,283.7901611328125,783.567626953125,0.22492274641990662,521.7691040039062,950.1167602539062,0.9975800514221191,486.036865234375,916.2927856445312,0.9945768117904663,314.01507568359375,1037.045654296875,0.9983823299407959,330.076416015625,912.6510009765625,0.9937886595726013,419.590087890625,1228.863525390625,0.992919385433197,432.15545654296875,1081.114501953125,0.9966758489608765
21,258.26812744140625,681.823486328125,0.38344746828079224,265.5788269042969,663.8977661132812,0.3295241892337799,264.2541809082031,662.3881225585938,0.06472197920084,310.49591064453125,661.236328125,0.4938708543777466,321.5655517578125,654.2594604492188,0.07410917431116104,380.1004943847656,751.115966796875,0.9913644790649414,380.3392639160156,713.8998413085938,0.9710471034049988,317.9124755859375,928.471435546875,0.9977229237556458,350.3081359863281,869.501220703125,0.8942457437515259,253.46307373046875,802.5929565429688,0.987092912197113,268.94500732421875,795.2495727539062,0.8847311735153198,513.4842529296875,975.8660888671875,0.9954849481582642,495.6608581542969,937.2919921875,0.9926280379295349,300.25262451171875,1047.1319580078125,0.9955589771270752,331.8642883300781,935.3737182617188,0.9906023740768433,420.4248046875,1234.6875,0.9915560483932495,435.747802734375,1086.1361083984375,0.9965740442276001
22,277.082275390625,727.0860595703125,0.27158910036087036,284.8438415527344,709.1305541992188,0.26851585507392883,280.43585205078125,705.7967529296875,0.03787336125969887,334.9772644042969,694.046142578125,0.6968725323677063,331.5787048339844,685.0062255859375,0.08487874269485474,385.428955078125,772.3508911132812,0.9947379231452942,396.7504577636719,731.9944458007812,0.9720727801322937,313.0972900390625,942.515625,0.9983952641487122,359.43804931640625,881.7205200195312,0.7586186528205872,255.41397094726562,823.5270385742188,0.9878923892974854,277.8457946777344,817.1163940429688,0.6275455355644226,508.8341064453125,998.0486450195312,0.9933903217315674,499.63128662109375,963.4205932617188,0.9857187867164612,301.4367980957031,1058.48779296875,0.9947370886802673,325.4301452636719,968.7168579101562,0.9825965166091919,416.15655517578125,1237.57421875,0.9915705919265747,442.19903564453125,1100.8016357421875,0.994536817073822
23,269.238525390625,721.6854248046875,0.2271937131881714,274.7902526855469,704.0549926757812,0.17826563119888306,276.28814697265625,701.3643188476562,0.029494842514395714,318.19989013671875,695.6749877929688,0.4676576852798462,332.54852294921875,687.1612548828125,0.06986305117607117,380.02178955078125,781.63916015625,0.99393230676651,383.51611328125,746.3719482421875,0.9647092223167419,308.8580017089844,951.8410034179688,0.9985170960426331,350.1996765136719,895.0340576171875,0.5901314616203308,256.2065734863281,828.2770385742188,0.9851568937301636,280.11181640625,833.9854125976562,0.43258631229400635,501.4027099609375,1006.368408203125,0.99430251121521,483.3077697753906,976.320556640625,0.9865548610687256,296.65728759765625,1060.7772216796875,0.9948928356170654,309.8095397949219,988.19140625,0.9784214496612549,414.30230712890625,1242.4947509765625,0.9903068542480469,436.5234069824219,1103.0638427734375,0.9920734763145447
24,271.2437438964844,730.7147827148438,0.33654335141181946,280.0535888671875,711.19140625,0.3406115174293518,273.8663024902344,710.4521484375,0.05552206188440323,329.3492126464844,699.134765625,0.6462403535842896,320.8189392089844,695.5844116210938,0.05769285932183266,383.4697265625,782.03369140625,0.9954161643981934,377.6331787109375,753.5759887695312,0.9703986048698425,307.384521484375,955.6744384765625,0.9986590147018433,340.7052917480469,906.407958984375,0.6253282427787781,258.19488525390625,831.7362670898438,0.9854757189750671,276.9296569824219,840.0776977539062,0.45451366901397705,500.99896240234375,1008.7254638671875,0.9953081011772156,471.3059997558594,983.4950561523438,0.9856231212615967,291.4346618652344,1061.4019775390625,0.9959704875946045,304.66778564453125,1002.3618774414062,0.967089831829071,412.9244384765625,1247.1427001953125,0.9892277717590332,429.82568359375,1113.90966796875,0.9817232489585876
25,311.1728515625,707.974365234375,0.28604656457901,318.0457458496094,684.9376220703125,0.25693121552467346,307.98388671875,685.9483032226562,0.20106759667396545,320.24127197265625,673.4935302734375,0.43268531560897827,301.7186279296875,674.1538696289062,0.2761346995830536,342.8932800292969,777.51220703125,0.9613487720489502,311.7825927734375,747.2465209960938,0.9673314094543457,340.82696533203125,954.1419677734375,0.5790666937828064,323.6253967285156,929.4537963867188,0.45058250427246094,311.89129638671875,974.0234375,0.2306012660264969,301.0469055175781,1025.648193359375,0.3353413939476013,503.68121337890625,999.5801391601562,0.9967888593673706,458.42413330078125,979.83447265625,0.9940641522407532,291.79754638671875,1064.2816162109375,0.993958592414856,318.73895263671875,1007.5370483398438,0.92447829246521,404.4797668457031,1243.274658203125,0.9939976930618286,433.9125061035156,1110.93408203125,0.9715226888656616
26,270.859130859375,695.513671875,0.41092318296432495,275.8364562988281,676.9917602539062,0.49479255080223083,277.6967468261719,676.1597900390625,0.051019374281167984,325.0042724609375,669.5342407226562,0.7749713659286499,339.6227722167969,664.6803588867188,0.057821404188871384,379.3551025390625,763.0191650390625,0.9934766888618469,400.6532897949219,724.8397216796875,0.9743196964263916,316.195068359375,936.2854614257812,0.9972694516181946,350.6175842285156,879.5457763671875,0.9060639142990112,259.61651611328125,811.3721313476562,0.988491415977478,274.1795349121094,804.4020385742188,0.9447007179260254,495.407470703125,993.9468383789062,0.9964030981063843,484.150634765625,954.7758178710938,0.992252767086029,281.8113708496094,1072.532958984375,0.9958978295326233,311.8514404296875,948.6312255859375,0.9851157069206238,417.7343444824219,1250.812255859375,0.9809174537658691,420.36456298828125,1088.3123779296875,0.9891772866249084
27,259.128662109375,668.0320434570312,0.29111650586128235,265.461181640625,648.1498413085938,0.48295122385025024,270.6638488769531,646.0879516601562,0.08965640515089035,306.94586181640625,639.648193359375,0.6416313052177429,334.3314208984375,629.5372314453125,0.12228257209062576,364.1405029296875,722.4655151367188,0.9922431111335754,373.5316467285156,692.9862060546875,0.9535915851593018,323.5860900878906,904.0291137695312,0.994436502456665,338.93109130859375,869.0419921875,0.3717826306819916,264.63580322265625,793.951416015625,0.6613182425498962,279.6905517578125,811.3941040039062,0.13989362120628357,497.1096496582031,959.32763671875,0.9977434873580933,475.82855224609375,918.9262084960938,0.9955199956893921,287.0426330566406,1075.39453125,0.995675265789032,316.0406188964844,917.1553955078125,0.9930389523506165,426.4501647949219,1248.338623046875,0.9742076396942139,416.0794982910156,1101.875732421875,0.9953030347824097
28,270.954833984375,602.34521484375,0.29975107312202454,274.1097717285156,583.2763671875,0.2004578560590744,282.0845947265625,579.967529296875,0.017859114333987236,316.51055908203125,575.5120239257812,0.4478853642940521,353.1160888671875,565.0128173828125,0.0487423837184906,382.26824951171875,680.3224487304688,0.9894140958786011,420.4001770019531,644.6561279296875,0.9661518931388855,330.9018249511719,862.6444091796875,0.9974839687347412,375.6264953613281,816.0847778320312,0.9537885785102844,265.10223388671875,751.906005859375,0.9834694862365723,290.8128662109375,742.878662109375,0.979358971118927,494.448974609375,947.5675659179688,0.9910967350006104,493.6403503417969,903.5791625976562,0.9905320405960083,300.32501220703125,1067.030517578125,0.9966610670089722,329.21142578125,918.1141967773438,0.99795001745224,423.5091857910156,1246.8358154296875,0.9583548307418823,425.6448669433594,1116.6834716796875,0.9956768155097961
29,262.57867431640625,540.9523315429688,0.2645365297794342,271.4207458496094,520.0487060546875,0.3929383456707001,275.5398254394531,519.0282592773438,0.08660392463207245,311.2820129394531,520.9824829101562,0.43681347370147705,334.49334716796875,510.9599609375,0.12578244507312775,373.5125732421875,636.1676025390625,0.9894383549690247,351.60382080078125,604.2060546875,0.937918484210968,346.89569091796875,823.1029663085938,0.9976413249969482,326.64599609375,780.9180908203125,0.5539889931678772,267.3306579589844,722.43896484375,0.8853042125701904,270.1739196777344,714.9459228515625,0.19505718350410461,495.30267333984375,893.7311401367188,0.995261549949646,451.6910095214844,857.6777954101562,0.9917801022529602,315.5743713378906,1059.7276611328125,0.9956260919570923,327.7734680175781,925.4967041015625,0.9956727027893066,422.2913513183594,1247.370849609375,0.9509973526000977,430.9808349609375,1122.12841796875,0.9932692646980286
30,283.1856689453125,526.4196166992188,0.16835163533687592,281.8670654296875,507.9795227050781,0.11850081384181976,298.2330017089844,502.76495361328125,0.01005541067570448,313.4698791503906,498.6716613769531,0.5713919997215271,375.03875732421875,484.16778564453125,0.12355564534664154,386.77740478515625,598.7015991210938,0.9966685175895691,416.29595947265625,568.1487426757812,0.9774213433265686,356.6779479980469,775.249755859375,0.9984361529350281,388.5616455078125,723.576416015625,0.6750175952911377,279.2720947265625,682.1123657226562,0.9873587489128113,314.513916015625,680.8366088867188,0.6840144395828247,479.5156555175781,873.6348266601562,0.9959558248519897,474.2581481933594,837.6989135742188,0.9947113990783691,325.93353271484375,1045.4617919921875,0.9971278309822083,340.2200927734375,925.2451171875,0.9984071850776672,421.5884704589844,1252.215576171875,0.9570188522338867,433.9469909667969,1122.7301025390625,0.9966662526130676
31,278.4298095703125,465.77435302734375,0.20326478779315948,278.96319580078125,444.6258544921875,0.1355714499950409,290.8220520019531,442.64202880859375,0.006972661241889,318.7967834472656,435.2266540527344,0.5801535844802856,364.11041259765625,427.6887512207031,0.05131617933511734,390.28912353515625,546.17236328125,0.9960132837295532,407.8494873046875,520.0272216796875,0.9665437340736389,379.61187744140625,733.728271484375,0.9978861212730408,396.1656494140625,686.2405395507812,0.5378916263580322,294.06378173828125,651.867919921875,0.9877004623413086,321.6788024902344,648.8782958984375,0.5699704885482788,479.1804504394531,830.1758422851562,0.9966869950294495,468.7547607421875,800.3587646484375,0.9938090443611145,345.60247802734375,1031.1510009765625,0.9980637431144714,350.9906921386719,928.1723022460938,0.9979037046432495,419.4013977050781,1253.8287353515625,0.9509308338165283,430.5265197753906,1124.450439453125,0.9926881790161133
32,305.4319152832031,446.74322509765625,0.25592637062072754,304.21630859375,424.5112609863281,0.1966235488653183,313.76025390625,424.6690673828125,0.005391745828092098,339.5774841308594,406.06622314453125,0.7765564918518066,377.983642578125,404.8921203613281,0.03806307911872864,404.62860107421875,515.4928588867188,0.9978808164596558,423.8285827636719,494.4004211425781,0.9709005355834961,396.038330078125,703.3956298828125,0.997617781162262,416.3696594238281,654.6103515625,0.4148094654083252,303.0877380371094,629.0385131835938,0.9848172068595886,337.1457824707031,621.9570922851562,0.40514370799064636,471.4178771972656,801.09912109375,0.996878981590271,466.1408996582031,778.23876953125,0.9929284453392029,357.7904357910156,1023.2322998046875,0.998105525970459,379.67822265625,949.7484130859375,0.9974270462989807,420.37908935546875,1254.6993408203125,0.9540504813194275,435.3193359375,1132.8836669921875,0.9908439517021179
33,317.2427978515625,400.52679443359375,0.2201579511165619,320.5939025878906,380.03070068359375,0.14944668114185333,326.1312255859375,379.4493408203125,0.009805654175579548,353.15606689453125,372.3415222167969,0.6739645004272461,384.2760009765625,368.08819580078125,0.05521213263273239,399.476318359375,485.4048156738281,0.9958193302154541,439.2561950683594,470.250244140625,0.9531680345535278,414.1539001464844,668.7239379882812,0.9971640706062317,462.1882019042969,636.8331298828125,0.3860540986061096,309.2415771484375,607.46826171875,0.9880401492118835,363.84246826171875,584.0350341796875,0.33909279108047485,457.15667724609375,780.0653076171875,0.9950163960456848,469.8283996582031,763.5084838867188,0.9830175638198853,373.0796813964844,1017.593017578125,0.997613787651062,399.57232666015625,977.1966552734375,0.9904431700706482,424.2337646484375,1257.2877197265625,0.9657614827156067,440.9330139160156,1145.6739501953125,0.9736949801445007
34,323.37872314453125,372.78271484375,0.25412219762802124,329.78179931640625,353.1888122558594,0.16266745328903198,333.0487060546875,352.4971008300781,0.008458578027784824,370.4712829589844,348.72955322265625,0.6724924445152283,400.197265625,342.27056884765625,0.06675641983747482,407.7319641113281,461.9542236328125,0.9970135688781738,450.9615478515625,441.0120544433594,0.9536980390548706,423.6051025390625,640.6905517578125,0.9982807636260986,453.382080078125,605.9804077148438,0.32431820034980774,319.8134765625,599.3822631835938,0.9917755126953125,367.70098876953125,573.7762451171875,0.5205850601196289,447.5690002441406,761.6353759765625,0.9957520961761475,479.613037109375,746.7608642578125,0.9739936590194702,391.7059020996094,1007.3394775390625,0.9980598092079163,419.5456848144531,975.2532958984375,0.978402316570282,423.56146240234375,1251.121337890625,0.9833803176879883,432.53802490234375,1166.782958984375,0.9607078433036804
35,326.2960205078125,366.5956115722656,0.10499279946088791,326.37042236328125,347.5643005371094,0.07559888064861298,337.9098815917969,341.607421875,0.0036989739164710045,355.75360107421875,336.58734130859375,0.7615140676498413,407.3118591308594,320.69573974609375,0.13979829847812653,410.35479736328125,444.453125,0.9981545805931091,452.2539367675781,416.34552001953125,0.9433344006538391,440.5301208496094,629.630615234375,0.9975323677062988,444.44793701171875,583.691162109375,0.11109712719917297,335.1756286621094,592.1973876953125,0.9905400276184082,359.6456298828125,566.9508056640625,0.18778225779533386,442.0415344238281,753.5404052734375,0.9936836957931519,471.42333984375,733.0205688476562,0.9481396675109863,415.8851318359375,1000.1697998046875,0.9966999888420105,428.9388732910156,954.7698974609375,0.9552281498908997,428.58135986328125,1245.682861328125,0.9843154549598694,422.8751220703125,1128.8790283203125,0.9661478996276855
36,395.11639404296875,347.79095458984375,0.03162401542067528,383.2186279296875,334.57293701171875,0.02322111651301384,401.3238830566406,329.5588073730469,0.017397528514266014,359.5295715332031,332.9197692871094,0.254154771566391,434.51763916015625,325.26953125,0.2999998927116394,381.156982421875,417.1585693359375,0.7741953730583191,489.10968017578125,392.5901794433594,0.8506714105606079,410.66424560546875,555.563720703125,0.211408331990242,543.2704467773438,501.9452819824219,0.26338815689086914,426.7296142578125,626.2057495117188,0.13375848531723022,537.52734375,599.5858154296875,0.2084290236234665,428.5186462402344,735.91796875,0.9894356727600098,468.7990417480469,719.9715576171875,0.9863899350166321,420.30389404296875,1006.639892578125,0.9958640336990356,424.5207214355469,965.302734375,0.9810248613357544,430.23101806640625,1240.5341796875,0.9938730001449585,425.9733581542969,1139.67822265625,0.985501229763031
37,325.219970703125,367.1982727050781,0.14459796249866486,325.1554260253906,346.44952392578125,0.08609330654144287,338.33660888671875,343.08673095703125,0.003279543947428465,359.9739074707031,332.2657470703125,0.6583836078643799,410.5901184082031,321.40679931640625,0.0796305239200592,420.95635986328125,444.8136291503906,0.9975267052650452,447.66363525390625,426.437255859375,0.952095091342926,446.3230895996094,618.3359985351562,0.9964683055877686,439.878173828125,578.3750610351562,0.24382978677749634,338.09112548828125,590.0285034179688,0.9905885457992554,351.55169677734375,562.211181640625,0.36296746134757996,437.6310119628906,751.39892578125,0.9937018156051636,449.2834777832031,735.4098510742188,0.9625300168991089,430.8354187011719,991.1957397460938,0.9976667165756226,422.568115234375,955.1844482421875,0.981036901473999,440.0765380859375,1230.881591796875,0.9924997687339783,428.37908935546875,1120.62548828125,0.9886863231658936
38,325.03179931640625,364.40875244140625,0.15971523523330688,325.7940673828125,343.482177734375,0.09729570895433426,337.9035339355469,340.70574951171875,0.00343992467969656,362.29339599609375,330.32867431640625,0.6979528069496155,409.6152648925781,320.6165771484375,0.07548444718122482,423.3520812988281,445.5187683105469,0.9978844523429871,447.05267333984375,428.2734680175781,0.9566106796264648,447.50897216796875,620.1426391601562,0.9965651631355286,437.34967041015625,580.3932495117188,0.2245195060968399,337.230224609375,591.1110229492188,0.9908086657524109,349.3608703613281,567.0236206054688,0.34971925616264343,434.6114196777344,754.1613159179688,0.994449257850647,445.9611511230469,738.6842651367188,0.9671091437339783,429.10479736328125,995.8917846679688,0.9976050853729248,419.186767578125,961.7411499023438,0.9809533953666687,441.054443359375,1231.0728759765625,0.9916576743125916,428.1567687988281,1124.39404296875,0.9876903295516968
39,329.79638671875,360.27734375,0.13531537353992462,328.8778076171875,339.3877868652344,0.08631595969200134,343.19390869140625,337.06561279296875,0.0025771125219762325,361.5841064453125,326.8110656738281,0.7408477663993835,415.2485656738281,318.16424560546875,0.08004215359687805,423.51654052734375,442.8870849609375,0.9979310035705566,445.3731689453125,425.5428161621094,0.9515936374664307,448.9889221191406,620.5469360351562,0.9964061379432678,433.49407958984375,577.9337158203125,0.21664641797542572,339.238525390625,591.4515380859375,0.9909232258796692,351.2250061035156,565.97021484375,0.3507676422595978,434.87823486328125,748.9598999023438,0.9933377504348755,445.304443359375,734.325927734375,0.9564319252967834,428.721435546875,993.967529296875,0.9974474906921387,416.75579833984375,961.6782836914062,0.9759052395820618,442.50360107421875,1232.2188720703125,0.9898626804351807,428.0045471191406,1124.0582275390625,0.9824383854866028
40,326.3849182128906,360.2497253417969,0.1233048141002655,325.3078308105469,339.2361145019531,0.07626116275787354,339.2273254394531,337.1824035644531,0.0026103274431079626,357.21685791015625,327.24603271484375,0.7461307644844055,409.8918762207031,319.6027526855469,0.09113697707653046,421.24456787109375,442.9891357421875,0.9980833530426025,441.204833984375,428.7862854003906,0.9563369154930115,448.2646789550781,621.187744140625,0.99619460105896,430.822265625,581.0787353515625,0.20985989272594452,337.30615234375,589.0416259765625,0.9921172261238098,350.54693603515625,567.9324951171875,0.38081255555152893,437.5275573730469,747.319091796875,0.9943007230758667,446.2649230957031,733.532470703125,0.9624533653259277,424.90869140625,994.589111328125,0.9973971843719482,413.982421875,961.27099609375,0.9733961224555969,441.28448486328125,1236.7432861328125,0.9876109957695007,427.18170166015625,1122.855224609375,0.977752149105072
41,,,,,,,,,,,,,,,,,,,,,,,,,,,,,,,,,,,,,,,,,,,,,,,,,,,
42,314.614990234375,373.5015869140625,0.1869557946920395,316.01593017578125,354.10693359375,0.1204683855175972,325.6191101074219,353.07916259765625,0.0037339760456234217,350.1187744140625,340.5270080566406,0.6630135774612427,387.9840393066406,335.2013854980469,0.030740635469555855,412.6133117675781,448.4376220703125,0.9967353940010071,430.783935546875,436.1580810546875,0.9321814775466919,440.75933837890625,637.6878051757812,0.9967744946479797,432.48626708984375,595.452392578125,0.28597158193588257,328.2026062011719,596.8280029296875,0.9898841381072998,346.7601318359375,578.7031860351562,0.29239708185195923,447.8743591308594,759.5989379882812,0.99595707654953,454.4029846191406,744.6546630859375,0.976581335067749,419.6046447753906,1016.9879760742188,0.9980965256690979,401.8126220703125,976.2989501953125,0.9824960231781006,430.6289978027344,1249.721435546875,0.9850600361824036,411.5835266113281,1130.189453125,0.9770553112030029
43,312.48687744140625,400.9071350097656,0.1976645439863205,310.2228698730469,379.0521240234375,0.16376826167106628,321.8426208496094,378.79583740234375,0.002971450798213482,341.4311828613281,357.4747009277344,0.8231431841850281,386.8568420410156,355.6621398925781,0.026412218809127808,410.10101318359375,463.5567626953125,0.9982195496559143,441.12884521484375,446.114501953125,0.9572594165802002,425.423095703125,650.1499633789062,0.9967691898345947,446.9661865234375,614.20263671875,0.3735743761062622,321.0177001953125,603.9321899414062,0.9885967373847961,348.20928955078125,586.5029296875,0.28950828313827515,455.2755126953125,772.032958984375,0.9948215484619141,470.3299865722656,756.4048461914062,0.9602658748626709,399.068115234375,1019.951904296875,0.9956658482551575,407.210205078125,994.332275390625,0.9247256517410278,425.07269287109375,1252.9993896484375,0.9695428609848022,425.7720642089844,1189.2388916015625,0.865974485874176
44,308.1357727050781,431.6820068359375,0.19680166244506836,303.676513671875,409.76446533203125,0.11883577704429626,314.566650390625,410.0863037109375,0.0032307030633091927,330.94940185546875,385.71295166015625,0.7760214805603027,377.95843505859375,387.6658935546875,0.043131615966558456,402.5486145019531,481.9315490722656,0.9977158308029175,433.7615966796875,469.94525146484375,0.9718198180198669,415.44488525390625,668.4508056640625,0.9971127510070801,441.78167724609375,638.4639282226562,0.4522092342376709,308.9270935058594,620.8035278320312,0.9874843955039978,341.9128723144531,614.1011962890625,0.333486944437027,468.6891174316406,780.2376098632812,0.9944844841957092,483.2568359375,766.2887573242188,0.9812142848968506,376.0157470703125,1015.7545776367188,0.9983497858047485,399.1053161621094,985.2510986328125,0.9924769997596741,424.7344055175781,1258.6864013671875,0.9773589968681335,441.4002380371094,1175.10693359375,0.9764187932014465
45,283.8061828613281,454.7220153808594,0.24167519807815552,282.1182861328125,433.51605224609375,0.1400233656167984,292.8183288574219,433.3988342285156,0.00460202107205987,319.1833801269531,416.3133850097656,0.6198161244392395,362.7138977050781,414.7936706542969,0.029742654412984848,394.6362609863281,517.8052978515625,0.9966345429420471,416.5442199707031,496.20660400390625,0.9661498665809631,393.9556579589844,710.58544921875,0.9972031116485596,419.7670593261719,666.6700439453125,0.41189923882484436,301.3851318359375,648.907470703125,0.985842764377594,329.28485107421875,642.3741455078125,0.39965733885765076,485.0263977050781,810.0549926757812,0.9965925812721252,478.5718688964844,785.895751953125,0.9916561841964722,360.75079345703125,1025.33544921875,0.9985314607620239,373.84564208984375,948.46337890625,0.9971031546592712,423.5777587890625,1261.568359375,0.9634311199188232,436.08843994140625,1149.84130859375,0.9882194995880127
46,289.41998291015625,491.0452880859375,0.10687469691038132,291.0830383300781,473.9150390625,0.06024142727255821,305.0489196777344,468.9492492675781,0.004836023785173893,331.330322265625,466.07781982421875,0.6864112615585327,382.95123291015625,450.74951171875,0.1759558469057083,390.41900634765625,565.6060791015625,0.9969538450241089,425.73468017578125,533.1900634765625,0.982999861240387,377.995361328125,749.0759887695312,0.9974820017814636,418.3634033203125,691.8517456054688,0.793532133102417,289.01031494140625,678.7730712890625,0.98649001121521,321.45294189453125,669.9871215820312,0.9252064228057861,494.655517578125,839.5541381835938,0.9957555532455444,499.5192565917969,807.8883056640625,0.9940752983093262,352.2095031738281,1033.166748046875,0.9979428648948669,360.4266052246094,926.786376953125,0.9982737302780151,421.34716796875,1258.6708984375,0.9539721608161926,433.90716552734375,1123.3043212890625,0.9938103556632996
47,295.41351318359375,536.5993041992188,0.1632896065711975,295.59423828125,518.309326171875,0.11777897924184799,308.42578125,515.11083984375,0.007226295303553343,328.90521240234375,510.04193115234375,0.7410151362419128,380.27374267578125,499.215576171875,0.12990136444568634,386.26708984375,608.4837036132812,0.996891438961029,418.337158203125,576.2669677734375,0.9817258715629578,358.84564208984375,795.2957763671875,0.9980257749557495,402.2470703125,731.1205444335938,0.8520585298538208,277.85076904296875,711.7411499023438,0.9835221767425537,313.3779296875,701.6863403320312,0.9326530694961548,494.44293212890625,871.5592651367188,0.9932996034622192,493.8524169921875,838.9623413085938,0.9928775429725647,335.8857421875,1044.9798583984375,0.9967741370201111,347.76129150390625,930.3866577148438,0.9984803795814514,421.5069885253906,1258.0211181640625,0.9417821168899536,436.60064697265625,1120.468505859375,0.9957165122032166
48,274.27911376953125,588.0477294921875,0.4934677183628082,273.7337341308594,568.7871704101562,0.42471495270729065,282.8880310058594,567.443603515625,0.020071614533662796,314.0450134277344,556.52294921875,0.6849046945571899,352.07904052734375,551.9288330078125,0.028481174260377884,381.62548828125,649.0427856445312,0.9953256845474243,410.9096374511719,618.574951171875,0.97413569688797,345.7706298828125,833.5272827148438,0.9984239339828491,384.22332763671875,782.8831176757812,0.9268811345100403,265.4826965332031,741.5707397460938,0.987300455570221,302.6228332519531,730.5899658203125,0.9728993773460388,497.4416198730469,909.5166015625,0.9952839016914368,488.7842102050781,872.905517578125,0.9954036474227905,324.1620178222656,1058.0487060546875,0.9967299699783325,335.32379150390625,925.170654296875,0.998781144618988,422.10357666015625,1262.1173095703125,0.9506717920303345,433.139404296875,1122.8643798828125,0.9972949624061584
49,309.40380859375,682.0426025390625,0.03722860664129257,313.2320861816406,668.3130493164062,0.005579808726906776,314.40350341796875,666.460205078125,0.001226378371939063,340.7074890136719,657.2921142578125,0.01637320965528488,351.20355224609375,652.39990234375,0.003087670309469104,380.3078918457031,704.6861572265625,0.9214180111885071,402.0467834472656,687.5435180664062,0.6827031970024109,335.0920715332031,872.9971313476562,0.9978085160255432,376.14208984375,826.6849975585938,0.6928034424781799,271.5076599121094,766.0392456054688,0.9871438145637512,296.71295166015625,751.342041015625,0.6999081373214722,502.0635986328125,946.9465942382812,0.9939948916435242,491.82275390625,914.574462890625,0.9905495047569275,311.4327392578125,1068.828369140625,0.9977262616157532,327.2596130371094,926.6736450195312,0.9976288676261902,421.3451232910156,1262.662841796875,0.972439706325531,432.1644287109375,1120.11669921875,0.9967049956321716
50,278.3485107421875,666.5345458984375,0.09825782477855682,286.2472229003906,649.543701171875,0.03345952555537224,283.2991638183594,651.1278076171875,0.008860514499247074,321.4674377441406,646.7393798828125,0.17666573822498322,326.2021179199219,646.81884765625,0.03238869830965996,368.0244445800781,729.0518798828125,0.9901534914970398,379.7366638183594,714.3576049804688,0.9572179317474365,326.6539611816406,898.9837036132812,0.9984826445579529,342.2118225097656,869.1878662109375,0.8792731761932373,264.2730407714844,784.902587890625,0.9862625598907471,275.63372802734375,779.58740234375,0.8970019817352295,494.89910888671875,967.0885620117188,0.9973276853561401,473.0512390136719,933.147705078125,0.9949678778648376,302.0513916015625,1075.80126953125,0.997516393661499,317.9682922363281,925.3285522460938,0.9951556921005249,423.6314392089844,1261.4127197265625,0.9759665131568909,420.24072265625,1102.195068359375,0.9947966933250427
51,276.27056884765625,677.621337890625,0.21619883179664612,281.71484375,660.7733764648438,0.2020556777715683,286.2073669433594,658.7111206054688,0.0247338879853487,325.1304016113281,658.2821655273438,0.5895711779594421,347.7090759277344,649.1976928710938,0.08068938553333282,375.9337463378906,755.2197265625,0.9942092895507812,391.9207763671875,716.482177734375,0.9713010787963867,316.9300231933594,925.5851440429688,0.9982343912124634,344.97491455078125,883.3595581054688,0.8420743942260742,263.3871154785156,808.5186767578125,0.9892053604125977,273.2974853515625,802.14013671875,0.8837193846702576,497.1781311035156,992.0328369140625,0.9961144924163818,478.03570556640625,952.6070556640625,0.9921363592147827,293.5304870605469,1080.43359375,0.9961460828781128,315.57305908203125,947.3695678710938,0.9914876222610474,423.2921142578125,1265.266845703125,0.9781098961830139,418.5156555175781,1106.448974609375,0.9935371279716492
52,270.534912109375,702.9168701171875,0.1484982818365097,277.9021301269531,684.7730102539062,0.10460637509822845,278.035400390625,683.9114379882812,0.01844802312552929,317.627685546875,682.0563354492188,0.38639792799949646,330.4220275878906,675.5750122070312,0.07093038409948349,372.26361083984375,780.2491455078125,0.9914762377738953,378.0101013183594,740.0028686523438,0.9677423238754272,313.7516784667969,965.0205078125,0.9976521134376526,344.052490234375,863.0108032226562,0.8078738451004028,258.12689208984375,824.2388305664062,0.9848997592926025,283.52618408203125,801.0349731445312,0.7376547455787659,503.000244140625,1004.6754150390625,0.9929880499839783,481.5054931640625,973.0892333984375,0.987293004989624,292.1199035644531,1073.031494140625,0.9940839409828186,311.19659423828125,988.8509521484375,0.9793819189071655,410.42218017578125,1258.71826171875,0.988129734992981,432.1678161621094,1108.9244384765625,0.9919666647911072
53,263.8797302246094,721.7130126953125,0.17976249754428864,267.76141357421875,703.3139038085938,0.16689349710941315,272.9171447753906,700.9036865234375,0.016974547877907753,309.6466064453125,697.4482421875,0.5357462167739868,336.0176086425781,688.8953857421875,0.06378702819347382,373.2524719238281,790.1351928710938,0.9939050078392029,388.1681213378906,755.0687255859375,0.9672982692718506,313.0074157714844,970.2252807617188,0.9980841875076294,350.3369445800781,906.5584106445312,0.8995106816291809,260.9973449707031,836.94580078125,0.9853282570838928,282.6656188964844,825.83447265625,0.9206209778785706,498.68109130859375,1020.9962768554688,0.9920375347137451,487.1129150390625,991.1636962890625,0.9816285371780396,291.0355529785156,1075.1868896484375,0.9946927428245544,314.28143310546875,1001.2033081054688,0.9750081300735474,409.2923278808594,1263.2896728515625,0.9899236559867859,431.2155456542969,1118.4595947265625,0.9897312521934509
54,258.7658996582031,719.979736328125,0.20459114015102386,263.47802734375,701.26953125,0.17768371105194092,267.3095703125,698.77685546875,0.01792110502719879,307.51019287109375,695.3631591796875,0.574583888053894,329.6230773925781,686.7200927734375,0.059645649045705795,372.94873046875,791.2376708984375,0.9950675964355469,381.356201171875,755.454833984375,0.969691812992096,312.0716857910156,970.0718994140625,0.9980571866035461,348.1639404296875,906.02001953125,0.7713412046432495,263.45159912109375,835.0410766601562,0.9868886470794678,280.73797607421875,827.7896118164062,0.7525200843811035,499.3534240722656,1024.7493896484375,0.9920837879180908,488.1290283203125,995.302734375,0.9802047610282898,289.1202392578125,1073.693359375,0.993945300579071,314.09295654296875,1002.1583251953125,0.9702847003936768,409.90679931640625,1262.94921875,0.9902355074882507,432.83599853515625,1122.8070068359375,0.9902481436729431
55,249.7034149169922,723.081298828125,0.06749063730239868,248.3125457763672,699.4659423828125,0.07841289043426514,272.9515686035156,697.8846435546875,0.010588486678898335,270.5561218261719,692.1300048828125,0.5376480221748352,353.7214050292969,680.8851318359375,0.20593537390232086,326.5738525390625,792.8584594726562,0.9396318197250366,381.5645751953125,761.5299682617188,0.9312217235565186,304.9408264160156,959.391357421875,0.24652628600597382,356.6630859375,937.7308349609375,0.0496063306927681,253.92486572265625,1028.340087890625,0.1449241042137146,296.1185302734375,1035.3106689453125,0.04308759421110153,496.8084716796875,1019.7874755859375,0.9869770407676697,495.60699462890625,992.6226806640625,0.975437343120575,289.458984375,1073.0391845703125,0.9936990737915039,328.6322937011719,999.3319702148438,0.9582618474960327,406.3021545410156,1262.1414794921875,0.9931908249855042,433.28472900390625,1132.1956787109375,0.9861905574798584
56,279.4947509765625,678.11376953125,0.22519457340240479,283.7826232910156,659.9702758789062,0.22246676683425903,287.6318359375,659.777587890625,0.02232295274734497,323.16015625,657.3079833984375,0.657212495803833,346.48822021484375,653.1674194335938,0.06910437345504761,373.67230224609375,752.8890991210938,0.9943810105323792,394.03668212890625,723.3576049804688,0.968241810798645,318.6018371582031,917.8202514648438,0.9980168342590332,347.7878723144531,879.8153686523438,0.8533031940460205,267.00115966796875,803.6851806640625,0.9899787902832031,285.5074157714844,799.9004516601562,0.8922896981239319,487.5826110839844,993.6102294921875,0.9959343671798706,480.517578125,956.48291015625,0.9897052645683289,284.5432434082031,1083.65576171875,0.9968101382255554,311.54486083984375,945.1934204101562,0.9889870285987854,419.5582580566406,1264.3712158203125,0.9780701994895935,414.0185546875,1102.52490234375,0.990748941898346
57,270.58551025390625,636.2406616210938,0.26670077443122864,271.4527282714844,616.425537109375,0.2095717340707779,278.69085693359375,616.163330078125,0.015179486945271492,309.380859375,609.6210327148438,0.59780353307724,340.1427001953125,607.1051025390625,0.03878037631511688,373.7804870605469,709.5697631835938,0.9950992465019226,388.3318786621094,684.02099609375,0.9713924527168274,326.1991882324219,884.0146484375,0.9984827637672424,349.0815124511719,844.3514404296875,0.7899421453475952,268.34051513671875,767.804443359375,0.9862881898880005,288.825927734375,762.1736450195312,0.768625020980835,484.2776184082031,965.2236328125,0.9962361454963684,471.1402587890625,928.4607543945312,0.9936133027076721,291.5472412109375,1079.314697265625,0.9973401427268982,311.0750427246094,933.044921875,0.9969090819358826,421.0793762207031,1262.77197265625,0.9700471758842468,416.3365173339844,1107.5997314453125,0.9963250756263733
58,273.3659362792969,603.8681640625,0.14929738640785217,274.5304260253906,584.3843383789062,0.1595878154039383,288.4421691894531,580.7366333007812,0.014263136312365532,319.0127868652344,573.8483276367188,0.6884496808052063,366.13153076171875,561.8570556640625,0.15650388598442078,376.9524230957031,665.8084106445312,0.9960106611251831,403.5879821777344,639.380615234375,0.977599561214447,337.7626953125,845.5487060546875,0.9980727434158325,359.750732421875,799.8946533203125,0.8156944513320923,268.0003967285156,739.7017822265625,0.9859911799430847,291.8841552734375,735.6675415039062,0.8854110240936279,478.939208984375,927.7745361328125,0.9958155751228333,468.475830078125,891.5877685546875,0.9946907162666321,298.6581115722656,1075.171142578125,0.9964278340339661,322.09295654296875,931.486572265625,0.9980822801589966,420.866943359375,1264.0606689453125,0.9657616019248962,420.55572509765625,1122.966064453125,0.9977664947509766
59,270.4087219238281,561.0680541992188,0.1885710209608078,269.8670654296875,539.716064453125,0.18666291236877441,280.5775146484375,537.992919921875,0.00825959350913763,311.13873291015625,521.1759033203125,0.6976897120475769,350.1590576171875,515.2919921875,0.05398072302341461,378.9034423828125,621.00341796875,0.9970851540565491,401.28387451171875,591.8458251953125,0.9750434756278992,352.33319091796875,806.2203369140625,0.9978182315826416,375.62957763671875,762.0639038085938,0.8220532536506653,272.6490478515625,708.912841796875,0.9678189754486084,297.92926025390625,701.7584228515625,0.8760826587677002,472.4928894042969,896.042236328125,0.9963735938072205,457.24920654296875,860.9150390625,0.9957950115203857,313.71881103515625,1065.3177490234375,0.9964491128921509,329.204833984375,940.3646850585938,0.9986358284950256,419.7893371582031,1263.8931884765625,0.9480304718017578,426.91082763671875,1133.2310791015625,0.9971696734428406
60,277.94915771484375,498.7760009765625,0.18319424986839294,278.4083251953125,480.86395263671875,0.0874367281794548,291.6160583496094,477.75775146484375,0.005231329705566168,315.87103271484375,471.1752624511719,0.4600825011730194,364.3343200683594,460.88409423828125,0.04670439288020134,376.6094055175781,574.0046997070312,0.9955428242683411,404.9600830078125,546.533203125,0.9673560857772827,365.5333251953125,758.892578125,0.9980452060699463,405.5452575683594,712.629150390625,0.4646866023540497,281.18133544921875,681.4896240234375,0.990312933921814,315.2388916015625,679.4027709960938,0.5418802499771118,464.02386474609375,858.2840576171875,0.9961487054824829,461.2705993652344,827.8560791015625,0.9947047829627991,327.2935791015625,1047.0023193359375,0.9971033930778503,339.3879699707031,940.4240112304688,0.9984956979751587,416.2586975097656,1265.6483154296875,0.9483345746994019,427.43524169921875,1137.937744140625,0.9964174032211304
61,280.22747802734375,458.4530029296875,0.10639908909797668,276.8923645019531,436.5644836425781,0.06477286666631699,291.365966796875,436.3542175292969,0.0024152190890163183,306.82916259765625,422.083984375,0.6714476346969604,360.34088134765625,419.7181091308594,0.06086648255586624,377.1228332519531,532.0560302734375,0.9971227049827576,398.07122802734375,509.3807373046875,0.9643312692642212,381.1379699707031,717.9080200195312,0.9968205690383911,404.63922119140625,668.2616577148438,0.24476258456707,289.1641845703125,659.756103515625,0.987349808216095,326.354736328125,651.7550048828125,0.21969720721244812,461.1348876953125,826.437744140625,0.9969336986541748,453.0121154785156,801.1825561523438,0.9936546087265015,340.6819152832031,1040.7349853515625,0.9979743361473083,356.17822265625,949.1380615234375,0.9979894161224365,415.0377502441406,1260.6270751953125,0.9570393562316895,432.68975830078125,1133.6119384765625,0.9948076605796814
62,281.6605529785156,417.4016418457031,0.24217352271080017,284.2784423828125,395.5831298828125,0.20584797859191895,290.77313232421875,395.8601989746094,0.006063433364033699,325.1502990722656,386.17828369140625,0.8468436002731323,357.0126037597656,383.68798828125,0.05409896373748779,382.3898010253906,498.9627990722656,0.9976795315742493,401.2717590332031,479.9561462402344,0.9608502388000488,393.114501953125,685.2566528320312,0.9968343377113342,415.1205139160156,645.296142578125,0.1360219269990921,291.23394775390625,647.0599975585938,0.9889084696769714,335.7109680175781,646.328125,0.10580620914697647,449.9896545410156,804.6616821289062,0.9950979351997375,456.0862121582031,788.861572265625,0.9842641949653625,349.7257995605469,1032.4990234375,0.9976300001144409,394.85235595703125,988.5946044921875,0.9943450689315796,412.809326171875,1262.519775390625,0.9754888415336609,439.8055419921875,1166.5731201171875,0.9902098178863525
63,294.0947265625,403.2471923828125,0.07828686386346817,291.2860412597656,383.6182861328125,0.038978006690740585,307.58709716796875,379.9711608886719,0.001595814130268991,319.0869140625,369.7120056152344,0.780982255935669,381.16741943359375,359.8327331542969,0.10862578451633453,382.2034912109375,476.7763977050781,0.9981642365455627,415.8030700683594,454.9858093261719,0.9602769613265991,412.2149963378906,660.7459716796875,0.9967843294143677,417.8844299316406,621.3682861328125,0.11205445230007172,297.8962097167969,633.7427978515625,0.977940559387207,326.17913818359375,618.3897705078125,0.10677192360162735,437.8254089355469,785.5708618164062,0.9942870736122131,466.19915771484375,771.1015625,0.9785082936286926,374.1578063964844,1030.114990234375,0.997857391834259,410.49420166015625,999.07568359375,0.9937169551849365,415.781494140625,1266.9501953125,0.970595121383667,435.3082580566406,1187.02734375,0.9837303161621094
64,293.3457336425781,390.0215759277344,0.1065644770860672,291.8438415527344,369.1796569824219,0.06822579354047775,304.9730529785156,367.37945556640625,0.002168497536331415,326.0821228027344,351.72003173828125,0.7469388842582703,376.21661376953125,345.29150390625,0.06197505444288254,390.02374267578125,460.39666748046875,0.9980646967887878,414.203369140625,439.252197265625,0.9299206733703613,418.75634765625,636.4685668945312,0.997294008731842,411.7153625488281,599.127197265625,0.10163066536188126,308.3177795410156,619.8758544921875,0.9880752563476562,325.10614013671875,600.6891479492188,0.12665188312530518,429.2318115234375,769.2312622070312,0.9948357343673706,456.1237487792969,756.3267211914062,0.9569646716117859,392.6478576660156,1012.6610717773438,0.9970721006393433,418.1552734375,991.8857421875,0.9650830626487732,420.494140625,1257.8255615234375,0.9839099645614624,428.22564697265625,1199.7674560546875,0.9574215412139893
65,366.2243347167969,348.09002685546875,0.011634830385446548,344.87005615234375,336.1429138183594,0.00653239106759429,373.6593322753906,328.0633850097656,0.007923096418380737,292.7731018066406,344.5035705566406,0.4484013319015503,400.5566101074219,332.8922119140625,0.7472995519638062,305.18731689453125,438.7436218261719,0.929533839225769,455.7164611816406,423.8896789550781,0.8721227049827576,316.3829650878906,587.5204467773438,0.1662156730890274,475.12567138671875,571.0516357421875,0.10615381598472595,345.399658203125,705.5490112304688,0.13357093930244446,467.0070495605469,707.0944213867188,0.09095437824726105,382.4785461425781,749.2570190429688,0.9785652756690979,468.9462585449219,738.0836791992188,0.9549994468688965,399.7900695800781,1017.8087158203125,0.9868729710578918,429.2381286621094,987.0958862304688,0.9038846492767334,421.1734619140625,1263.142333984375,0.9798020124435425,431.8569030761719,1184.0450439453125,0.916841447353363
66,302.17120361328125,384.2562255859375,0.09310295432806015,299.8692626953125,362.81646728515625,0.07289818674325943,315.1842956542969,359.489990234375,0.002130890265107155,333.35235595703125,346.23974609375,0.7718294858932495,389.2151184082031,335.96856689453125,0.09383269399404526,398.58343505859375,458.28369140625,0.9982879757881165,428.83251953125,432.9332275390625,0.9175684452056885,427.4991149902344,629.6846923828125,0.9969930648803711,415.34075927734375,582.3719482421875,0.16018638014793396,318.34326171875,614.83740234375,0.9856027364730835,332.4688720703125,589.48681640625,0.38497787714004517,417.2520446777344,771.106201171875,0.9908780455589294,432.7055358886719,752.6860961914062,0.9190840721130371,410.27203369140625,1009.6302490234375,0.9973548650741577,398.3140869140625,972.160400390625,0.9618439078330994,429.1418151855469,1252.9288330078125,0.984932005405426,417.5504150390625,1140.541259765625,0.9632812738418579
67,306.5379943847656,386.2205810546875,0.07908076792955399,304.3865966796875,364.64544677734375,0.05751056596636772,318.9532165527344,361.1225891113281,0.002140291966497898,337.2808837890625,347.3687438964844,0.7614224553108215,391.4375915527344,336.84954833984375,0.11462204903364182,399.82672119140625,463.6023864746094,0.9983114004135132,432.80572509765625,434.0344543457031,0.9218418598175049,427.04248046875,634.6343994140625,0.9968119263648987,412.37847900390625,581.9783325195312,0.12248845398426056,314.5551452636719,615.9755859375,0.9862917065620422,328.5528564453125,593.5067138671875,0.2948049306869507,412.4290771484375,770.0074462890625,0.9923436045646667,430.42230224609375,750.1181030273438,0.9359865188598633,407.5438232421875,1009.9810791015625,0.9978392720222473,396.2545471191406,975.7291870117188,0.9726011157035828,430.1160583496094,1250.86376953125,0.9867367148399353,418.6370544433594,1138.2535400390625,0.9711688756942749
68,300.2772216796875,379.5641784667969,0.0673319399356842,299.21435546875,357.7862854003906,0.04799400642514229,314.77587890625,354.7569580078125,0.002184214536100626,332.0983581542969,349.2348327636719,0.7575389742851257,391.05462646484375,338.5601501464844,0.16055724024772644,400.345703125,466.9539794921875,0.998271107673645,428.1453552246094,440.9304504394531,0.9265720844268799,422.7888488769531,636.5252075195312,0.9971346855163574,410.3561096191406,586.349609375,0.11226462572813034,311.55169677734375,612.5068969726562,0.9875005483627319,326.61865234375,590.4142456054688,0.2388109713792801,413.2929382324219,771.6663818359375,0.9925547242164612,427.3746643066406,751.9685668945312,0.9442311525344849,411.20159912109375,1011.1121826171875,0.9977579712867737,394.3953857421875,971.892333984375,0.9788532853126526,430.6192626953125,1250.9091796875,0.989104151725769,415.3358154296875,1134.64453125,0.9836410880088806
69,373.7098083496094,353.1412353515625,0.04318126291036606,357.24041748046875,336.15679931640625,0.031594157218933105,377.4067687988281,328.125,0.030142629519104958,317.2911376953125,342.8746337890625,0.36519086360931396,397.9097595214844,331.6612854003906,0.5388242602348328,354.7166442871094,450.764404296875,0.8854572772979736,457.1557312011719,433.45379638671875,0.8153640627861023,383.7874755859375,618.348388671875,0.20116345584392548,471.02191162109375,594.7322998046875,0.10436784476041794,383.63482666015625,680.379150390625,0.07722824811935425,457.6880187988281,681.41943359375,0.05395812541246414,402.8900146484375,776.4857177734375,0.9485759139060974,447.520751953125,758.892578125,0.895418643951416,411.24365234375,1023.6746215820312,0.9916830062866211,404.7547302246094,980.5792236328125,0.9346288442611694,428.2465515136719,1259.6136474609375,0.9834014177322388,420.6612854003906,1141.8299560546875,0.9454090595245361
70,,,,,,,,,,,,,,,,,,,,,,,,,,,,,,,,,,,,,,,,,,,,,,,,,,,
71,285.6149597167969,391.7356872558594,0.10129442811012268,282.630859375,370.98297119140625,0.057249173521995544,297.78961181640625,367.45172119140625,0.0017065857537090778,314.92767333984375,357.1347961425781,0.7133963108062744,375.78082275390625,347.6033020019531,0.08550439029932022,388.62713623046875,463.77520751953125,0.997780978679657,422.19476318359375,443.2012939453125,0.9480375647544861,404.8686828613281,647.7286376953125,0.9956796765327454,427.4154968261719,617.4574584960938,0.12950803339481354,300.54815673828125,604.0093994140625,0.9890871047973633,326.1551818847656,602.6724243164062,0.2308257818222046,425.20892333984375,775.2962646484375,0.9929549098014832,444.1923828125,757.052978515625,0.9589706063270569,404.359619140625,1021.4208374023438,0.9967783093452454,389.75970458984375,978.6014404296875,0.9755759835243225,425.63983154296875,1266.3492431640625,0.9861467480659485,407.3412170410156,1141.869873046875,0.9833975434303284
72,353.16741943359375,430.4041748046875,0.022340284660458565,353.32049560546875,418.44512939453125,0.0017539806431159377,360.33782958984375,417.73760986328125,0.0003702386748045683,362.08428955078125,407.353271484375,0.030550500378012657,397.9678955078125,404.64764404296875,0.008905615657567978,383.12347412109375,478.3297119140625,0.9871912002563477,434.9530029296875,469.4349365234375,0.8852943778038025,384.5206298828125,664.4403076171875,0.9966057538986206,434.7884521484375,641.6297607421875,0.3598290979862213,288.529541015625,612.3458862304688,0.990035355091095,326.6454162597656,607.8116455078125,0.24579927325248718,422.7947692871094,780.1445922851562,0.9949378967285156,464.3205871582031,771.5202026367188,0.9773390889167786,381.99737548828125,1030.5023193359375,0.9973267316818237,407.406494140625,1009.3655395507812,0.9783838391304016,411.76080322265625,1271.95458984375,0.9815806746482849,432.575927734375,1217.3848876953125,0.9568721055984497
73,269.8717346191406,437.28717041015625,0.10533197224140167,266.6610412597656,416.1595458984375,0.06826619803905487,280.0088195800781,412.883544921875,0.0028103096410632133,295.4884948730469,401.3725280761719,0.7561807632446289,354.816650390625,393.9964599609375,0.11015279591083527,380.3822937011719,492.57135009765625,0.9971022009849548,406.26080322265625,480.2568054199219,0.9530702829360962,366.5273132324219,678.4995727539062,0.9960471987724304,410.1709289550781,648.8973388671875,0.5107278823852539,275.1231994628906,625.2857666015625,0.9878835082054138,320.0107727050781,618.5813598632812,0.6942299008369446,440.7041320800781,811.2931518554688,0.9900509715080261,455.5502014160156,797.9771118164062,0.9600129723548889,362.3260498046875,1044.6800537109375,0.9971869587898254,387.1293640136719,1026.63232421875,0.9852703809738159,414.0106506347656,1278.8099365234375,0.9766280651092529,426.55377197265625,1212.662109375,0.9626104235649109
74,266.5589599609375,479.1877136230469,0.1778658777475357,264.30743408203125,457.91058349609375,0.11723823845386505,274.238525390625,457.0704650878906,0.003843805519863963,299.1414794921875,433.29046630859375,0.6205400228500366,342.6986999511719,430.8796691894531,0.03721792250871658,374.00360107421875,522.9937133789062,0.9966912269592285,399.03106689453125,502.5308837890625,0.9521836042404175,354.3844299316406,714.0057983398438,0.9968764781951904,387.75201416015625,672.3934936523438,0.5064973831176758,262.05535888671875,649.16162109375,0.9896242022514343,298.471923828125,639.6148681640625,0.593411922454834,452.97906494140625,822.1356201171875,0.9954415559768677,456.0947265625,799.5377197265625,0.9878950119018555,341.68035888671875,1042.642578125,0.997200608253479,367.8695983886719,980.720947265625,0.9943056702613831,408.10064697265625,1275.821044921875,0.9618222713470459,432.74774169921875,1159.492431640625,0.9855301380157471
75,253.67173767089844,523.232421875,0.12060843408107758,248.1119384765625,502.9024658203125,0.0693112462759018,262.1030578613281,499.09332275390625,0.003365874756127596,275.3739013671875,482.056884765625,0.7275806665420532,333.99188232421875,474.8609313964844,0.09660203754901886,367.38385009765625,563.0036010742188,0.9978007674217224,391.2730407714844,533.9605102539062,0.9706681370735168,342.6412353515625,754.2953491210938,0.9979934692382812,388.4439392089844,702.3910522460938,0.4842956066131592,254.02865600585938,677.2418212890625,0.9884151220321655,294.9371032714844,671.319580078125,0.5673213601112366,468.53460693359375,844.6067504882812,0.9956095814704895,460.1431884765625,812.6129150390625,0.9928538203239441,331.7168273925781,1048.314697265625,0.9976189732551575,342.35400390625,949.1940307617188,0.9984055161476135,407.6943054199219,1275.1729736328125,0.9524151682853699,424.3001708984375,1150.895751953125,0.9953658580780029
76,297.6473693847656,531.3648681640625,0.139971062541008,301.0058288574219,516.8065185546875,0.057767122983932495,306.78912353515625,515.0361938476562,0.011851942166686058,322.9981384277344,517.7127685546875,0.4045001268386841,359.468994140625,510.6694641113281,0.10786622762680054,362.7562561035156,609.7254028320312,0.9948528409004211,399.52398681640625,587.0862426757812,0.955118715763092,330.4634704589844,793.4100341796875,0.9992462396621704,376.3655090332031,746.95849609375,0.41589248180389404,244.85003662109375,708.3623657226562,0.9939953684806824,281.65484619140625,705.3992919921875,0.452106237411499,471.77783203125,879.553466796875,0.9962887763977051,468.9194641113281,849.0701904296875,0.9930878281593323,323.26287841796875,1059.4200439453125,0.9979200959205627,331.6251220703125,940.31494140625,0.9977715015411377,410.3163757324219,1278.3980712890625,0.9571234583854675,420.0853576660156,1144.076904296875,0.9948844313621521
77,252.63088989257812,612.4166259765625,0.28708168864250183,251.94558715820312,594.2898559570312,0.18528304994106293,257.88018798828125,591.6587524414062,0.014508172869682312,283.6204833984375,580.671630859375,0.5488541126251221,315.6454772949219,575.4189453125,0.04105118289589882,360.6649169921875,651.9653930664062,0.9955040812492371,374.54925537109375,626.0252685546875,0.958608090877533,318.2846374511719,830.2866821289062,0.9988563060760498,352.690673828125,792.1427001953125,0.7509833574295044,238.70762634277344,743.4844970703125,0.988207995891571,264.7627258300781,735.1280517578125,0.8353110551834106,483.54241943359375,908.4742431640625,0.9967911839485168,455.43719482421875,873.3880615234375,0.9953615069389343,312.3525695800781,1072.6590576171875,0.9979106783866882,323.57061767578125,946.3511962890625,0.9986447691917419,409.72589111328125,1278.934326171875,0.9543446898460388,417.539306640625,1142.1790771484375,0.9961108565330505
78,247.98829650878906,667.3892211914062,0.28135961294174194,246.455810546875,648.46728515625,0.19195401668548584,252.42315673828125,647.7784423828125,0.021266259253025055,281.78619384765625,626.7804565429688,0.42896705865859985,308.720458984375,625.8274536132812,0.04370635375380516,357.4242858886719,694.68359375,0.9944359064102173,372.2256164550781,670.0269165039062,0.9652525186538696,309.9161071777344,873.6683959960938,0.9989269375801086,348.899169921875,828.7547607421875,0.869483470916748,233.9266357421875,775.9461059570312,0.985055685043335,266.84295654296875,770.6128540039062,0.900114893913269,491.76397705078125,940.2145385742188,0.9960414171218872,460.7645263671875,903.7573852539062,0.9961807727813721,304.51983642578125,1084.4454345703125,0.9969195127487183,314.4873962402344,947.4660034179688,0.998910665512085,411.8337707519531,1280.5750732421875,0.9507498145103455,419.739501953125,1142.603759765625,0.9975226521492004
79,250.94384765625,704.3034057617188,0.2697291970252991,248.66891479492188,685.8798828125,0.23132599890232086,253.9312286376953,682.4312133789062,0.019617844372987747,278.193115234375,666.4829711914062,0.5433217287063599,305.25238037109375,660.6654052734375,0.038062624633312225,359.27618408203125,728.2754516601562,0.9951121211051941,365.7947692871094,698.2960815429688,0.9417678713798523,307.214599609375,906.495849609375,0.9987867474555969,334.302734375,861.4793090820312,0.7742545008659363,235.64907836914062,801.4971313476562,0.9869915246963501,259.8176574707031,796.3135986328125,0.8187459111213684,492.3020324707031,968.9640502929688,0.9959419369697571,460.1398620605469,930.2095947265625,0.9928508996963501,292.183837890625,1087.390380859375,0.9971804618835449,306.3685607910156,954.5533447265625,0.9972883462905884,410.1696472167969,1281.67626953125,0.9679996967315674,415.66815185546875,1136.3912353515625,0.9960516095161438
80,242.22048950195312,724.6819458007812,0.29921436309814453,245.75814819335938,704.3436279296875,0.28979283571243286,244.66720581054688,704.5140380859375,0.035024695098400116,289.87982177734375,685.3641357421875,0.5641151666641235,293.6342468261719,685.1416015625,0.048736780881881714,359.0526123046875,757.4471435546875,0.9935448169708252,354.1984558105469,729.2926635742188,0.9589683413505554,300.7023620605469,938.1983642578125,0.9986119270324707,326.8768005371094,869.9199829101562,0.8247644901275635,235.301025390625,821.7826538085938,0.9877603650093079,258.5030212402344,820.4752197265625,0.8201030492782593,496.8710021972656,990.3323364257812,0.9962455630302429,456.0007019042969,956.14990234375,0.9919208288192749,285.0521240234375,1091.663330078125,0.9971923232078552,296.3105773925781,971.49658203125,0.9917702674865723,403.7944641113281,1279.9742431640625,0.9841641783714294,409.5546875,1128.2852783203125,0.9933844208717346
81,267.31024169921875,735.7036743164062,0.07055534422397614,274.94061279296875,717.04052734375,0.038359228521585464,270.4803771972656,717.8929443359375,0.010096895508468151,303.9915771484375,710.8562622070312,0.18268999457359314,304.7007751464844,710.4190673828125,0.03953266516327858,354.5941162109375,786.58251953125,0.9882712960243225,350.531982421875,768.3992919921875,0.9378589391708374,296.8946228027344,968.1140747070312,0.9985063672065735,282.439208984375,855.4412231445312,0.7369490265846252,237.18820190429688,841.8003540039062,0.969074010848999,252.22930908203125,858.8807373046875,0.3941657841205597,493.2047119140625,1011.089599609375,0.9941944479942322,457.0304260253906,988.3458251953125,0.9834465384483337,279.47174072265625,1090.17919921875,0.9975919723510742,288.6473693847656,1004.3175048828125,0.9747397303581238,393.7628173828125,1276.183349609375,0.9932330250740051,414.576904296875,1126.318115234375,0.9891672134399414
82,231.21176147460938,776.0863037109375,0.3033187985420227,235.87879943847656,754.1512451171875,0.3019753694534302,232.92550659179688,755.5403442382812,0.043950315564870834,281.9902038574219,730.8738403320312,0.3862816393375397,281.6893310546875,732.8817138671875,0.033926159143447876,354.6163635253906,800.3676147460938,0.9916682243347168,343.8575744628906,773.6213989257812,0.9569792151451111,299.6800537109375,989.7056274414062,0.9984861016273499,306.896484375,913.4203491210938,0.8365704417228699,236.07595825195312,854.3077392578125,0.9846686720848083,253.28749084472656,858.5463256835938,0.7348472476005554,484.3051452636719,1031.1104736328125,0.991804838180542,451.0120849609375,1006.2022705078125,0.976906955242157,277.66009521484375,1092.8961181640625,0.9965366125106812,281.86102294921875,1032.4351806640625,0.9658032655715942,396.71466064453125,1279.2318115234375,0.992893397808075,414.6851806640625,1140.068603515625,0.9828632473945618
83,237.20748901367188,780.4052734375,0.24910347163677216,240.91915893554688,757.941162109375,0.3045830726623535,238.54827880859375,759.3267822265625,0.0555805042386055,280.4068603515625,737.9522705078125,0.469835489988327,282.83062744140625,740.3192138671875,0.06254615634679794,348.2891845703125,807.716796875,0.9935996532440186,331.89910888671875,789.206298828125,0.9540567398071289,295.81756591796875,990.064697265625,0.9982933402061462,307.28143310546875,954.2952880859375,0.5738519430160522,234.0786895751953,857.6932373046875,0.9642676711082458,247.52320861816406,872.69677734375,0.3173392415046692,483.46636962890625,1036.4053955078125,0.9942597150802612,446.7289123535156,1015.1009521484375,0.9777424931526184,272.8073425292969,1097.2257080078125,0.9969834685325623,278.19586181640625,1035.774658203125,0.9591789841651917,397.302490234375,1281.8798828125,0.9941694736480713,412.1930847167969,1140.258056640625,0.9841187000274658
84,237.30267333984375,782.6491088867188,0.48842036724090576,242.18080139160156,759.1839599609375,0.5929787755012512,234.90838623046875,761.3234252929688,0.10388359427452087,288.9302062988281,733.7100219726562,0.6611959934234619,276.60528564453125,738.6197509765625,0.041452739387750626,353.81292724609375,803.1873779296875,0.9941881895065308,341.1789855957031,776.5420532226562,0.9550039768218994,295.4111022949219,991.8903198242188,0.9986283779144287,318.7144470214844,933.8484497070312,0.5808340907096863,235.73419189453125,859.14306640625,0.9853480458259583,260.3414611816406,866.8316040039062,0.4206450581550598,483.26654052734375,1034.099365234375,0.9943976402282715,450.4029235839844,1009.8822021484375,0.9795458316802979,272.03790283203125,1096.04248046875,0.9971486926078796,279.9839172363281,1034.873046875,0.9652407169342041,396.0133056640625,1282.9990234375,0.9933832287788391,410.3588562011719,1141.564697265625,0.9835083484649658
85,224.35708618164062,729.301025390625,0.07446721941232681,216.09332275390625,708.8448486328125,0.06299279630184174,242.4075927734375,704.95849609375,0.014717379584908485,211.11630249023438,702.0274658203125,0.522457480430603,301.45458984375,689.9349365234375,0.3044789731502533,268.83660888671875,806.3037109375,0.96073317527771,340.1984558105469,768.2923583984375,0.9645777940750122,300.0213623046875,992.4541015625,0.2931634783744812,336.1065979003906,960.9226684570312,0.1272450089454651,256.9082336425781,1071.103759765625,0.19304624199867249,291.99066162109375,1066.35302734375,0.1377764493227005,477.0229797363281,1022.1416015625,0.9912678599357605,491.90966796875,994.9114379882812,0.9804612994194031,266.53338623046875,1096.0341796875,0.9954916834831238,316.49383544921875,1027.0130615234375,0.9217224717140198,386.09051513671875,1281.224365234375,0.9934560656547546,413.77691650390625,1144.8408203125,0.9598827362060547
86,229.70835876464844,729.1788330078125,0.31003662943840027,238.4971160888672,706.1713256835938,0.35691145062446594,229.47872924804688,707.5048828125,0.0799427330493927,291.31768798828125,682.6557006835938,0.4243346154689789,271.3311767578125,683.7068481445312,0.049149513244628906,352.15887451171875,758.8651733398438,0.992834210395813,329.00115966796875,734.1939086914062,0.9713402390480042,300.2890625,939.7396240234375,0.9982872605323792,298.6641845703125,897.44091796875,0.7965763807296753,234.4904022216797,811.6034545898438,0.9615691304206848,248.84901428222656,807.0637817382812,0.5115542411804199,473.91424560546875,993.37451171875,0.9959771037101746,432.47265625,960.7627563476562,0.9922989010810852,275.966796875,1101.20849609375,0.9965493679046631,290.14984130859375,982.8621215820312,0.9895545244216919,403.849609375,1283.67578125,0.9803076386451721,404.07061767578125,1124.9342041015625,0.9909047484397888
87,235.9912567138672,668.1182861328125,0.3778432309627533,234.97222900390625,648.8876342773438,0.30010613799095154,242.07533264160156,646.5227661132812,0.014553924091160297,270.3939514160156,633.8512573242188,0.6365846991539001,302.7486267089844,628.817626953125,0.024034278467297554,347.9803771972656,716.8675537109375,0.9959474205970764,363.10089111328125,687.9090576171875,0.9670864939689636,307.9010925292969,898.8783569335938,0.9987940788269043,327.56536865234375,849.1951904296875,0.9178539514541626,240.82147216796875,793.0233764648438,0.9851513504981995,265.40411376953125,784.533447265625,0.9560798406600952,478.66033935546875,968.9697265625,0.9954765439033508,455.68157958984375,932.5567016601562,0.9929702877998352,285.5786437988281,1095.9014892578125,0.9981460571289062,304.9957580566406,963.47705078125,0.9982750415802002,400.8491516113281,1282.3604736328125,0.9698662757873535,416.0813903808594,1145.635986328125,0.9961233735084534
88,246.34764099121094,623.7562255859375,0.3668622076511383,248.3313751220703,604.361572265625,0.2131781131029129,251.4895782470703,603.0050048828125,0.022602660581469536,285.9927062988281,589.1812744140625,0.4301320016384125,307.81158447265625,585.4758911132812,0.03568173572421074,351.1563720703125,676.1690673828125,0.9955507516860962,373.4507751464844,650.833251953125,0.9651251435279846,312.6136474609375,856.913818359375,0.9989670515060425,352.2613220214844,810.9003295898438,0.8397305011749268,239.77517700195312,761.0186767578125,0.9844516515731812,269.010986328125,753.2353515625,0.9280731081962585,470.80548095703125,936.8019409179688,0.9949525594711304,453.04254150390625,901.4993896484375,0.9944512248039246,291.55889892578125,1088.4359130859375,0.9967941641807556,310.2437744140625,958.2191162109375,0.9986873269081116,406.3716125488281,1285.01708984375,0.9436940550804138,413.3265075683594,1150.6522216796875,0.9968269467353821
89,243.4240264892578,577.283447265625,0.20954564213752747,243.811279296875,558.0309448242188,0.11311350762844086,251.81800842285156,555.2722778320312,0.009695113636553288,281.5873107910156,539.7485961914062,0.4108668565750122,316.2059631347656,532.7637329101562,0.046264246106147766,352.5430908203125,627.5529174804688,0.9957039952278137,376.0203857421875,600.5790405273438,0.9679535627365112,332.31982421875,810.2037963867188,0.9987109899520874,359.1639099121094,766.5445556640625,0.8194546103477478,249.15530395507812,724.6014404296875,0.9838988184928894,276.3177185058594,717.0932006835938,0.8879390358924866,461.3109130859375,899.1461791992188,0.9960085153579712,449.6527099609375,865.99072265625,0.9952427744865417,303.60809326171875,1074.8834228515625,0.9972853660583496,318.34033203125,960.1357421875,0.9986668825149536,409.057861328125,1287.553466796875,0.9551573395729065,415.05963134765625,1154.5601806640625,0.9968018531799316
90,249.85836791992188,532.0916748046875,0.32365748286247253,246.30062866210938,508.42681884765625,0.2862558960914612,255.02102661132812,509.60247802734375,0.008183191530406475,282.8808898925781,485.51068115234375,0.7386531829833984,319.5480651855469,488.81640625,0.02501211129128933,360.01702880859375,581.6085205078125,0.9945604205131531,385.74896240234375,560.2265625,0.9370406270027161,342.9182434082031,764.1022338867188,0.9965260624885559,380.8238220214844,720.2886962890625,0.4953232407569885,257.6717529296875,686.1051635742188,0.9866112470626831,291.9401550292969,682.9091186523438,0.6162313222885132,446.42779541015625,866.2328491210938,0.9939870834350586,442.05462646484375,837.75,0.9882132411003113,316.6465759277344,1067.0045166015625,0.997735857963562,329.17193603515625,967.2996215820312,0.9976250529289246,402.4855651855469,1293.8861083984375,0.9497319459915161,418.10137939453125,1160.570556640625,0.9928792119026184
91,249.83413696289062,473.01190185546875,0.21680134534835815,254.2095947265625,452.3671875,0.2063278704881668,258.62744140625,450.9297180175781,0.00735985953360796,301.149169921875,444.8171691894531,0.650608479976654,327.43994140625,438.5345764160156,0.03271722421050072,365.93035888671875,540.5270385742188,0.9967941641807556,385.85076904296875,520.8863525390625,0.9293717741966248,353.7915344238281,731.27783203125,0.9952713847160339,383.31390380859375,690.792236328125,0.119175486266613,300.3147888183594,686.3284301757812,0.7373002171516418,329.4640197753906,680.11865234375,0.053744882345199585,441.32025146484375,836.1736450195312,0.9927182197570801,446.8820495605469,817.3634643554688,0.9801526665687561,331.1749267578125,1056.77392578125,0.9970257878303528,367.08819580078125,1001.6206665039062,0.9946392178535461,398.7219543457031,1288.952880859375,0.972445547580719,425.4896240234375,1174.7010498046875,0.9920321702957153
92,258.0352478027344,453.2911376953125,0.14373303949832916,259.56390380859375,431.3421936035156,0.10085118561983109,267.3868103027344,428.58428955078125,0.003995984792709351,302.0485534667969,413.3772888183594,0.6630120277404785,338.75115966796875,405.35736083984375,0.06116765737533569,367.52880859375,507.7723693847656,0.996907651424408,400.4838562011719,490.26007080078125,0.9282885789871216,371.60498046875,691.96044921875,0.996832549571991,405.8941955566406,656.266845703125,0.17198166251182556,276.9299621582031,636.502197265625,0.9850198030471802,318.6866760253906,627.5828247070312,0.11694677174091339,429.04486083984375,818.2384643554688,0.989855170249939,458.15887451171875,800.9854736328125,0.9471765160560608,357.31280517578125,1050.765380859375,0.9957146048545837,396.8209533691406,1009.542236328125,0.9749273061752319,396.5115051269531,1284.4556884765625,0.9764189124107361,432.10650634765625,1191.085205078125,0.9733994007110596
93,280.2647399902344,429.0548095703125,0.10822753608226776,280.5178527832031,411.30511474609375,0.06221175938844681,292.63232421875,403.8819580078125,0.003730484750121832,315.5654296875,395.8586120605469,0.820878803730011,366.9420166015625,377.4911193847656,0.16524316370487213,374.0441589355469,492.429931640625,0.9984782338142395,428.5183410644531,454.30889892578125,0.9650852680206299,386.1370544433594,677.3070068359375,0.9966726303100586,449.7543640136719,542.9567260742188,0.07907543331384659,287.99847412109375,620.4412841796875,0.9928678274154663,381.77301025390625,500.3586730957031,0.13716894388198853,412.7912902832031,803.4181518554688,0.9957892298698425,458.3133239746094,784.822998046875,0.9786828756332397,373.1374816894531,1043.4461669921875,0.9966895580291748,405.1839904785156,1015.9097900390625,0.9809205532073975,405.36529541015625,1284.0919189453125,0.9732182621955872,419.1951599121094,1218.01904296875,0.9662505984306335
94,279.6589050292969,408.1116638183594,0.12171526253223419,280.54095458984375,389.4686279296875,0.06740977615118027,291.93988037109375,385.27520751953125,0.0029129954054951668,320.4740295410156,376.6363220214844,0.6980332732200623,367.85638427734375,364.60791015625,0.06690828502178192,377.9825439453125,482.5556640625,0.9979390501976013,425.62579345703125,457.0469970703125,0.9360305070877075,403.33074951171875,657.8868408203125,0.9967175126075745,429.38433837890625,613.1716918945312,0.11185961216688156,299.9596252441406,625.2119140625,0.9846173524856567,325.1650695800781,594.8065185546875,0.23363597691059113,410.6495056152344,786.9113159179688,0.9957263469696045,453.3427734375,769.1500244140625,0.9622464776039124,385.6270446777344,1031.8468017578125,0.9978424310684204,413.60797119140625,996.400390625,0.9656149744987488,413.2915954589844,1285.13623046875,0.9896371960639954,425.5146484375,1192.7177734375,0.9691958427429199
95,343.9706726074219,408.5960998535156,0.032462604343891144,339.8760986328125,393.8543701171875,0.01644953526556492,349.23663330078125,387.3723449707031,0.009965225122869015,331.87835693359375,394.959228515625,0.8097239136695862,385.3599548339844,380.3421630859375,0.7648965716362,371.9852294921875,495.74786376953125,0.9979265928268433,443.70147705078125,442.13330078125,0.9898518919944763,403.0999755859375,648.7520751953125,0.9978443384170532,504.6474304199219,374.63446044921875,0.8201594352722168,299.2882385253906,621.7183227539062,0.9922279715538025,476.53204345703125,331.4457702636719,0.749275267124176,398.8545227050781,796.2540283203125,0.9926744103431702,438.3130187988281,774.4619750976562,0.9768745303153992,396.4427490234375,1033.663330078125,0.9972713589668274,407.5362243652344,996.393798828125,0.9742388725280762,423.74859619140625,1279.16845703125,0.9870339632034302,418.9952697753906,1168.6573486328125,0.9671720266342163
96,289.6721496582031,400.95538330078125,0.1287560909986496,288.6048583984375,382.5772399902344,0.1017034575343132,304.0138854980469,377.76611328125,0.004188225604593754,319.16650390625,376.9798583984375,0.8574489951133728,382.952880859375,361.5685729980469,0.20643256604671478,386.263671875,497.54290771484375,0.9981207251548767,432.5368957519531,449.5824890136719,0.9818238615989685,414.87408447265625,649.7203369140625,0.9976146221160889,495.9260559082031,384.6837463378906,0.6860857009887695,304.5561828613281,625.2589721679688,0.9935378432273865,480.726318359375,336.49053955078125,0.7479203343391418,402.08203125,800.2230834960938,0.992904007434845,423.0697021484375,780.5491943359375,0.9769796133041382,403.23773193359375,1028.20458984375,0.9973869919776917,389.4234924316406,989.25439453125,0.988349437713623,429.4706726074219,1268.9044189453125,0.9853661060333252,415.28887939453125,1149.183349609375,0.9870036244392395
97,293.6986389160156,402.70294189453125,0.056007206439971924,291.52587890625,382.78082275390625,0.04300379380583763,308.30755615234375,378.29278564453125,0.002127627842128277,317.2147521972656,377.4748840332031,0.8918576836585999,389.7735595703125,363.4058837890625,0.3498394191265106,390.8621826171875,492.6634826660156,0.9981287121772766,429.0350036621094,458.7237548828125,0.9640787243843079,426.48504638671875,651.181396484375,0.9956574440002441,470.7615051269531,437.213134765625,0.22803503274917603,309.6393127441406,632.1911010742188,0.9957297444343567,476.8560791015625,377.7989196777344,0.376662015914917,400.56292724609375,804.8538818359375,0.9895561337471008,414.5765380859375,788.8201293945312,0.9498887062072754,411.7862854003906,1039.5557861328125,0.9972594976425171,386.4012451171875,1002.4144897460938,0.9849089980125427,432.08843994140625,1280.834228515625,0.9875983595848083,410.2073059082031,1160.126220703125,0.9890584349632263
98,299.8049011230469,395.1532897949219,0.027693944051861763,296.74658203125,376.49212646484375,0.01853058859705925,315.1947937011719,369.52130126953125,0.0013930584536865354,314.6314392089844,375.31182861328125,0.8966220021247864,395.3524169921875,357.0469970703125,0.4915941059589386,392.5110778808594,488.3690185546875,0.9985388517379761,435.90069580078125,460.661865234375,0.9670442342758179,426.0943908691406,651.3990478515625,0.9956063628196716,469.51495361328125,518.1831665039062,0.18619312345981598,306.4866027832031,630.5219116210938,0.9943217039108276,439.4366760253906,450.3726501464844,0.32916203141212463,397.4608154296875,805.2391357421875,0.9902735352516174,417.3997802734375,787.438720703125,0.9382221698760986,409.9751892089844,1046.9522705078125,0.9971158504486084,390.94317626953125,1013.4404296875,0.9750096797943115,435.05474853515625,1290.05224609375,0.9856400489807129,408.84796142578125,1173.29638671875,0.9785820841789246
99,299.61346435546875,392.2116394042969,0.025405481457710266,296.42022705078125,374.2193298339844,0.01711258850991726,314.1094665527344,367.4507141113281,0.0013987468555569649,312.3726806640625,373.76580810546875,0.889751672744751,393.041259765625,355.7999267578125,0.49613213539123535,390.0599670410156,490.3532409667969,0.9985491633415222,436.56646728515625,454.92413330078125,0.9695869088172913,421.1778869628906,654.6054077148438,0.9957625269889832,479.1507873535156,451.6685485839844,0.3020484149456024,300.9927062988281,628.3499145507812,0.9965638518333435,485.47540283203125,374.43463134765625,0.44484275579452515,396.54827880859375,806.2158203125,0.9908095598220825,424.81298828125,789.9279174804688,0.9386628866195679,406.0009765625,1047.3369140625,0.996895432472229,394.11260986328125,1025.0343017578125,0.9654812812805176,431.6477966308594,1297.3153076171875,0.9805124998092651,412.5,1206.150634765625,0.9532313942909241
100,285.3733825683594,404.7143249511719,0.09723655134439468,284.512451171875,385.11572265625,0.07978200167417526,299.3918151855469,379.969970703125,0.00267254956997931,317.7397155761719,377.2310485839844,0.8769655823707581,383.8115234375,361.8691101074219,0.1889655888080597,386.9329833984375,494.07794189453125,0.9987561702728271,433.68585205078125,456.90673828125,0.9629058837890625,411.6383056640625,659.3602905273438,0.9964029788970947,467.0338439941406,490.9971008300781,0.12475143373012543,298.2351379394531,626.9107055664062,0.9959264993667603,450.7600402832031,440.4894714355469,0.20502698421478271,397.5266418457031,804.273193359375,0.9938196539878845,437.2348937988281,787.9014282226562,0.9447773098945618,398.3435974121094,1049.0223388671875,0.994881272315979,402.0223693847656,1026.178466796875,0.9208177924156189,428.718017578125,1300.02734375,0.9738204479217529,417.9411315917969,1229.9791259765625,0.9106806516647339
101,275.29345703125,411.36505126953125,0.2037336230278015,278.6156005859375,391.7076416015625,0.17632746696472168,288.076416015625,389.8967590332031,0.005292708519846201,327.7966613769531,389.970458984375,0.8832897543907166,376.5084228515625,379.8545227050781,0.1328318864107132,385.7080993652344,495.0552673339844,0.9981132745742798,434.8873291015625,454.70709228515625,0.9708889722824097,400.5626525878906,666.7525024414062,0.9969462752342224,475.62982177734375,421.19720458984375,0.2675893008708954,291.77740478515625,626.119873046875,0.9946210384368896,483.10015869140625,358.697998046875,0.27674973011016846,407.0450439453125,810.14501953125,0.9940459728240967,453.7596435546875,795.3366088867188,0.9671118259429932,390.59283447265625,1055.5946044921875,0.9975415468215942,404.5803527832031,1021.881103515625,0.9775457978248596,418.86077880859375,1304.96337890625,0.9826604723930359,417.9484558105469,1213.192138671875,0.9687703847885132
102,292.802978515625,423.8646240234375,0.06545940786600113,295.472900390625,406.34906005859375,0.0441105030477047,305.71502685546875,400.20843505859375,0.005457739345729351,325.1429443359375,406.1380615234375,0.761478841304779,376.665283203125,387.8289794921875,0.36549603939056396,375.7681884765625,509.0580749511719,0.9979133009910583,430.5272521972656,463.3638000488281,0.9811245203018188,379.6956787109375,683.80322265625,0.9974905252456665,451.9776306152344,415.0966491699219,0.6208203434944153,280.6072082519531,638.1765747070312,0.9830164313316345,471.7738952636719,334.40985107421875,0.6161920428276062,411.2152404785156,827.8380126953125,0.9936664700508118,460.61175537109375,812.649169921875,0.9864948987960815,376.18994140625,1064.150390625,0.9978579878807068,405.0894775390625,1031.837158203125,0.995766282081604,407.45367431640625,1297.589111328125,0.9750731587409973,430.39080810546875,1211.2022705078125,0.9881513118743896
103,276.36669921875,460.1080322265625,0.14657878875732422,273.5470275878906,438.3564147949219,0.14075645804405212,287.6718444824219,435.2422790527344,0.003220244077965617,306.8766174316406,422.29736328125,0.8216171264648438,360.18310546875,413.7376708984375,0.0682213231921196,379.2362365722656,518.1739501953125,0.996355414390564,407.6361083984375,493.4010009765625,0.9042055606842041,370.1134948730469,696.1898803710938,0.9950729012489319,398.33197021484375,589.5473022460938,0.28577518463134766,276.46734619140625,645.79541015625,0.9881353378295898,319.8460388183594,587.1687622070312,0.4602214992046356,434.61181640625,831.1620483398438,0.9830902814865112,455.86077880859375,816.651123046875,0.9186281561851501,368.9648742675781,1064.9561767578125,0.9951648712158203,390.92987060546875,1040.236083984375,0.9715871810913086,406.0228271484375,1301.9256591796875,0.9684382081031799,427.7935485839844,1243.656005859375,0.9499393701553345
104,263.07635498046875,486.5360412597656,0.26102814078330994,264.2870788574219,467.2115173339844,0.25185441970825195,276.2389221191406,464.0645751953125,0.005163104739040136,312.2670593261719,452.00018310546875,0.8359675407409668,357.2701110839844,442.3329772949219,0.04595870152115822,373.3188171386719,540.7528076171875,0.997296154499054,408.69976806640625,522.4323120117188,0.9709484577178955,355.8063049316406,729.9317016601562,0.9973920583724976,403.17999267578125,692.5596313476562,0.45500850677490234,257.8408508300781,658.874267578125,0.9836111664772034,310.3213806152344,651.0145874023438,0.43011343479156494,449.668212890625,845.158447265625,0.9955800175666809,461.287841796875,821.8925170898438,0.9899194240570068,349.826904296875,1070.7396240234375,0.9970967769622803,356.30035400390625,984.5761108398438,0.9959201812744141,409.54180908203125,1300.90869140625,0.9538804888725281,421.3439025878906,1179.8116455078125,0.9906324148178101
105,334.24383544921875,511.9723205566406,0.07340691238641739,339.8505554199219,492.3951416015625,0.01803743839263916,339.7763977050781,492.6332702636719,0.0033006223384290934,366.4613037109375,484.90234375,0.040929365903139114,375.471435546875,483.9770812988281,0.007848374545574188,402.17047119140625,569.7603759765625,0.5734472274780273,405.69134521484375,561.3440551757812,0.43078628182411194,389.0824279785156,774.5938110351562,0.7013300061225891,375.9068908691406,751.0028076171875,0.284036785364151,265.828369140625,681.8516845703125,0.7052067518234253,263.1829833984375,685.2642822265625,0.6809363961219788,443.035400390625,862.0772705078125,0.9221659302711487,415.65966796875,838.087646484375,0.8692233562469482,333.3721618652344,1074.4488525390625,0.996528685092926,338.03973388671875,979.5244140625,0.9898228645324707,411.6964111328125,1308.8712158203125,0.9626264572143555,422.59149169921875,1188.5467529296875,0.9728073477745056
106,317.8833923339844,585.1901245117188,0.11500149220228195,323.1532897949219,567.5328979492188,0.05925494432449341,320.3036804199219,569.0516357421875,0.014438058249652386,350.6927490234375,567.900634765625,0.060613296926021576,354.4019775390625,570.0206298828125,0.012099319137632847,390.30938720703125,649.8261108398438,0.23924808204174042,394.4034118652344,640.5179443359375,0.2760506868362427,363.1500244140625,805.4749755859375,0.6706657409667969,360.9300231933594,791.419677734375,0.3335302174091339,264.73223876953125,711.3260498046875,0.8358747959136963,265.7137451171875,721.0773315429688,0.780601978302002,438.95928955078125,905.7254028320312,0.7698076963424683,419.0375061035156,877.80419921875,0.7040959596633911,326.5749206542969,1081.6480712890625,0.9946103096008301,320.7148742675781,965.3649291992188,0.9848645925521851,410.83306884765625,1310.1339111328125,0.9273335337638855,415.9609375,1176.197509765625,0.9461387395858765
107,246.2908477783203,608.3947143554688,0.43138831853866577,245.6437225341797,589.0552978515625,0.34133732318878174,252.62741088867188,588.2376708984375,0.013189774937927723,283.1287841796875,577.8642578125,0.7367473840713501,317.1612854003906,575.2566528320312,0.026142319664359093,357.7082824707031,671.6676025390625,0.9971152544021606,374.5428771972656,640.8993530273438,0.9727856516838074,317.41595458984375,854.6017456054688,0.9986120462417603,359.54718017578125,808.5899047851562,0.759707510471344,240.7259521484375,758.8529052734375,0.9848247170448303,274.1300964355469,751.7105102539062,0.846083402633667,481.818603515625,929.58642578125,0.996061384677887,459.51654052734375,894.566162109375,0.9949623346328735,310.6346435546875,1098.192138671875,0.9973856806755066,320.4985656738281,974.7455444335938,0.998681366443634,404.85980224609375,1309.6483154296875,0.9502314329147339,419.1524658203125,1170.2060546875,0.9967398047447205
108,242.37960815429688,648.1768188476562,0.3614710569381714,245.2021484375,628.5947265625,0.3448163568973541,249.16758728027344,627.4451293945312,0.030978722497820854,286.4814758300781,622.6806640625,0.6992411017417908,312.587890625,618.1215209960938,0.06622620671987534,357.3836364746094,711.4746704101562,0.9969524145126343,369.9134216308594,685.5934448242188,0.9794353246688843,305.5899353027344,889.546875,0.9989995360374451,323.654052734375,851.4951782226562,0.8702188730239868,238.2086181640625,778.6922607421875,0.9812114238739014,255.47244262695312,780.0822143554688,0.8888421654701233,486.12786865234375,961.697998046875,0.996063768863678,460.9315185546875,926.5286254882812,0.9956685304641724,302.60784912109375,1108.8238525390625,0.9973520040512085,315.8003845214844,977.7366333007812,0.998752236366272,404.01495361328125,1312.6534423828125,0.9557730555534363,422.0628356933594,1165.902587890625,0.9972510933876038
109,246.614990234375,697.2852172851562,0.14448395371437073,245.75149536132812,678.5279541015625,0.15438145399093628,255.8104705810547,674.1764526367188,0.00795302540063858,275.53668212890625,671.4197998046875,0.6864970326423645,320.7638854980469,660.822021484375,0.0519707091152668,357.4481201171875,753.1803588867188,0.9936471581459045,363.5018005371094,728.8084106445312,0.9345645308494568,294.8583984375,932.4154052734375,0.9977836012840271,335.0966491699219,897.8223876953125,0.4357154369354248,233.395263671875,803.740234375,0.8612887859344482,263.26373291015625,813.5437622070312,0.12121123820543289,492.5030822753906,981.328369140625,0.9303025603294373,488.4864807128906,965.7789916992188,0.8609455227851868,377.6307678222656,1121.832763671875,0.8453804850578308,372.3430480957031,1101.1597900390625,0.7431737184524536,410.6025695800781,1337.482177734375,0.8483561277389526,405.6416931152344,1329.020751953125,0.8684110045433044
110,246.7933349609375,743.4234008789062,0.3447416424751282,249.6221160888672,723.5613403320312,0.3836275041103363,252.4620361328125,720.5828857421875,0.03347916901111603,288.6466369628906,712.5360107421875,0.7830219268798828,312.6579895019531,705.0581665039062,0.06951311230659485,356.79296875,790.4224853515625,0.995817244052887,365.4998474121094,761.6416015625,0.9728769063949585,290.3900146484375,967.95458984375,0.9979164004325867,306.3877868652344,926.1558837890625,0.7877334356307983,245.3380584716797,835.9951782226562,0.9858428835868835,255.2919921875,841.2674560546875,0.7776727080345154,491.9665832519531,1027.97998046875,0.9962807297706604,466.9317932128906,992.3853149414062,0.989923894405365,280.1884460449219,1121.26513671875,0.9972764849662781,300.1548156738281,993.9871826171875,0.9884468913078308,399.6260070800781,1313.605224609375,0.9884577393531799,408.07757568359375,1156.0439453125,0.9937646389007568
111,279.57763671875,853.942626953125,0.04438893496990204,282.6034851074219,839.8987426757812,0.041422683745622635,281.81103515625,841.381591796875,0.010960294865071774,305.14007568359375,827.3831176757812,0.014671208336949348,310.6922912597656,829.62939453125,0.004830817226320505,340.36822509765625,843.9697265625,0.22183117270469666,354.88787841796875,838.8395385742188,0.06848729401826859,267.7896728515625,916.6770629882812,0.9096545577049255,286.3585205078125,950.5330810546875,0.45166486501693726,263.35223388671875,878.189697265625,0.724789023399353,256.9781188964844,885.9909057617188,0.4707884192466736,442.224365234375,1034.7269287109375,0.8478163480758667,443.8743896484375,1014.5484008789062,0.6438145041465759,280.5980529785156,1124.9635009765625,0.9929280877113342,331.0765380859375,1038.534912109375,0.9448980093002319,393.2730712890625,1311.34619140625,0.987880289554596,423.9660339355469,1177.3431396484375,0.975968599319458
112,232.6613311767578,780.3121337890625,0.2506130337715149,239.83462524414062,758.5153198242188,0.2556624114513397,237.94406127929688,758.2406616210938,0.04147593677043915,288.8138732910156,749.8182373046875,0.5634461641311646,293.0140380859375,746.33984375,0.07055571675300598,348.45458984375,832.2778930664062,0.993251383304596,344.4513244628906,807.2947387695312,0.9641007781028748,281.79412841796875,1007.552734375,0.9980200529098511,296.528076171875,949.9453735351562,0.6461287140846252,242.89398193359375,876.3213500976562,0.9832615256309509,249.34933471679688,887.178955078125,0.4752970039844513,496.0521240234375,1068.685302734375,0.9942463040351868,472.7498779296875,1039.9356689453125,0.9854254722595215,272.13623046875,1128.31396484375,0.994419515132904,289.94769287109375,1022.366943359375,0.9721177220344543,398.30963134765625,1316.5650634765625,0.9876449704170227,415.1656188964844,1165.253662109375,0.9909420609474182
113,254.21383666992188,773.0896606445312,0.10177502036094666,265.82342529296875,753.8472290039062,0.1449204385280609,258.92230224609375,752.8056030273438,0.03153238818049431,302.91925048828125,751.5396118164062,0.47660693526268005,293.0103454589844,743.85693359375,0.08886490762233734,331.07177734375,839.9734497070312,0.9879675507545471,317.0862731933594,807.56201171875,0.9364526271820068,282.935791015625,1024.697509765625,0.9690654873847961,295.3638610839844,1003.26123046875,0.39480239152908325,252.79977416992188,907.9208984375,0.23707593977451324,260.1255187988281,949.1234130859375,0.09111343324184418,496.4696044921875,1065.857421875,0.9920333027839661,471.951904296875,1040.8614501953125,0.979389488697052,273.01629638671875,1125.62060546875,0.9823984503746033,299.1967468261719,1028.810546875,0.9093270301818848,392.55255126953125,1314.203857421875,0.990200936794281,417.0546569824219,1169.7095947265625,0.9907091856002808
114,240.68698120117188,787.0775146484375,0.16091369092464447,249.4444122314453,766.4952392578125,0.08743070065975189,240.95458984375,768.5709228515625,0.02670537307858467,289.1379699707031,759.831787109375,0.11143027245998383,275.6793212890625,762.0176391601562,0.02109573967754841,341.6398620605469,836.0072631835938,0.9790456295013428,324.4746398925781,815.2091064453125,0.9116972088813782,283.5938720703125,1015.1998291015625,0.9981042146682739,288.9709777832031,955.91064453125,0.6267825961112976,240.963623046875,871.7733764648438,0.9700496196746826,248.6262664794922,883.32470703125,0.32071492075920105,492.6795654296875,1065.18212890625,0.993148148059845,462.6605224609375,1040.9775390625,0.9807722568511963,272.5646667480469,1128.4300537109375,0.9958755373954773,289.9560546875,1038.5333251953125,0.9655404686927795,398.9121398925781,1318.2352294921875,0.9910197854042053,423.2821350097656,1165.3782958984375,0.9876555800437927
115,265.5774230957031,852.771240234375,0.09813300520181656,268.93109130859375,837.497802734375,0.09314537793397903,267.5609130859375,841.3674926757812,0.024578498676419258,293.83966064453125,827.0908203125,0.05270937830209732,298.01190185546875,834.064453125,0.014376537874341011,330.9546203613281,845.3858032226562,0.47260141372680664,348.7516784667969,845.6922607421875,0.2174137979745865,247.91497802734375,840.8472900390625,0.9044910073280334,278.5597839355469,923.549072265625,0.5460025668144226,279.2321472167969,904.78955078125,0.7242112159729004,268.7661437988281,890.0918579101562,0.4222526550292969,451.3155212402344,1035.6572265625,0.9098629355430603,451.9090881347656,1015.2806396484375,0.7839890718460083,280.5652770996094,1128.748046875,0.9936517477035522,312.02105712890625,1036.2764892578125,0.9578900337219238,395.2272033691406,1312.156982421875,0.9896844625473022,425.65179443359375,1172.3629150390625,0.9828109741210938
116,252.7125701904297,716.8980102539062,0.3587861657142639,261.21795654296875,696.8428344726562,0.4293460249900818,258.139404296875,696.274169921875,0.03773875907063484,305.15679931640625,688.9972534179688,0.7704148292541504,308.8388366699219,684.111328125,0.05137213319540024,347.3479309082031,772.5667114257812,0.9960296154022217,353.3354797363281,750.5384521484375,0.9850732684135437,288.75592041015625,955.9962158203125,0.9916592240333557,298.63037109375,929.685302734375,0.8398800492286682,248.4641571044922,832.0484619140625,0.8041971921920776,246.94790649414062,828.6344604492188,0.47352516651153564,484.24395751953125,1014.2105102539062,0.9950401186943054,480.9095764160156,989.896728515625,0.991671085357666,273.2662353515625,1121.8021240234375,0.9926446676254272,326.68719482421875,1025.085205078125,0.9838895797729492,390.0808410644531,1313.0076904296875,0.9863615036010742,413.77117919921875,1172.4915771484375,0.9946942925453186
117,247.4968719482422,655.21826171875,0.3683053255081177,252.29940795898438,635.3931884765625,0.3338463306427002,254.78379821777344,635.6951293945312,0.04374552518129349,295.16033935546875,631.6527709960938,0.6390064358711243,316.043701171875,629.0830688476562,0.0794939398765564,352.4147033691406,730.3991088867188,0.9958399534225464,370.081298828125,705.9068603515625,0.9704698920249939,306.6866149902344,901.9647216796875,0.9989917874336243,325.262939453125,866.6531982421875,0.7736855149269104,244.36874389648438,791.7116088867188,0.9892069101333618,260.2429504394531,791.7040405273438,0.8149169683456421,471.0849304199219,982.0405883789062,0.9957540035247803,457.153076171875,947.8883056640625,0.9937688112258911,287.5334167480469,1112.90380859375,0.997247040271759,311.0523986816406,980.6444702148438,0.9979584217071533,398.0380859375,1315.742919921875,0.969595193862915,411.57373046875,1173.8262939453125,0.9973050355911255
118,252.05056762695312,616.180908203125,0.2975778579711914,252.73728942871094,596.9853515625,0.23696279525756836,260.1523742675781,596.1254272460938,0.014926367439329624,293.4045104980469,583.9200439453125,0.6388615965843201,324.74371337890625,580.2686157226562,0.04437922686338425,358.20941162109375,678.1987915039062,0.996724545955658,376.8757629394531,652.4369506835938,0.9657369256019592,316.73138427734375,857.0567016601562,0.9986526966094971,350.6082763671875,818.0549926757812,0.6477721333503723,249.31883239746094,756.5196533203125,0.9834688901901245,270.8835754394531,753.87744140625,0.7250372767448425,471.057373046875,941.4860229492188,0.9955344200134277,455.2138366699219,909.3508911132812,0.9938014149665833,300.7352600097656,1103.789306640625,0.9968596696853638,316.1793212890625,986.3527221679688,0.9983525276184082,398.53900146484375,1318.4876708984375,0.9402493834495544,412.4022521972656,1179.595947265625,0.9960485100746155
119,254.84666442871094,565.23193359375,0.26205673813819885,255.88442993164062,545.091796875,0.1716528832912445,262.96685791015625,543.2132568359375,0.007882029749453068,297.8365783691406,530.0216674804688,0.6522716879844666,327.4155578613281,524.5504150390625,0.03392530977725983,360.7162780761719,629.0679321289062,0.9970235228538513,379.9146423339844,600.152099609375,0.9674792289733887,332.92462158203125,811.8724975585938,0.998443067073822,365.6575012207031,764.2539672851562,0.390733003616333,257.8580017089844,714.1668090820312,0.9855076670646667,287.524169921875,714.17626953125,0.361850380897522,462.3175964355469,901.4227905273438,0.9955335855484009,449.48968505859375,871.0427856445312,0.9940417408943176,313.6849365234375,1090.644775390625,0.9968411922454834,326.1701354980469,985.2863159179688,0.9985692501068115,396.5655822753906,1316.7716064453125,0.9424309730529785,411.80596923828125,1178.4993896484375,0.9969450831413269
120,277.10479736328125,497.54949951171875,0.10217312723398209,277.25128173828125,476.33544921875,0.0822521448135376,290.0755310058594,476.1396789550781,0.004637428559362888,313.3455810546875,471.51971435546875,0.6021462678909302,362.54229736328125,467.200439453125,0.089111328125,374.8833923339844,583.2154541015625,0.9955062866210938,399.4686584472656,562.8389892578125,0.9396954774856567,346.8935241699219,764.0075073242188,0.9972509741783142,373.9979248046875,728.5540771484375,0.2317844182252884,262.8551025390625,678.8079223632812,0.9881347417831421,287.5951232910156,679.5127563476562,0.2055557519197464,444.6048889160156,875.1517333984375,0.9942027926445007,440.8500671386719,848.7828369140625,0.9832198023796082,327.6043395996094,1081.484375,0.9972966313362122,335.4792785644531,988.23681640625,0.9948464632034302,398.5104064941406,1317.0589599609375,0.9363192915916443,419.1197204589844,1186.5025634765625,0.9848805665969849
121,275.8604736328125,478.6221923828125,0.1014307290315628,276.5367736816406,456.4654235839844,0.09316064417362213,289.02899169921875,455.0479431152344,0.002528323559090495,321.142333984375,444.0799560546875,0.7701792120933533,369.0433654785156,437.5255126953125,0.07256154716014862,382.4076232910156,541.417724609375,0.9965059757232666,405.19354248046875,524.2382202148438,0.9316865801811218,359.98468017578125,723.7288818359375,0.9961733222007751,387.7431640625,694.5415649414062,0.20195606350898743,276.1490173339844,659.421142578125,0.983995258808136,311.4857482910156,659.9639892578125,0.19424697756767273,447.2733154296875,845.869873046875,0.990972638130188,453.259033203125,831.1700439453125,0.9647735953330994,351.773681640625,1074.23974609375,0.9971657395362854,382.7601013183594,1035.95556640625,0.9901070594787598,396.0865783691406,1311.1875,0.9780101180076599,421.5627746582031,1205.4459228515625,0.9863318204879761
122,286.80059814453125,439.7288818359375,0.03692493587732315,283.00714111328125,420.85198974609375,0.03601031005382538,301.06829833984375,415.3153381347656,0.0014120559208095074,308.1484375,412.1740417480469,0.8525742888450623,378.6015625,398.3414611816406,0.19538149237632751,382.3218078613281,513.8922729492188,0.9977017045021057,420.7612609863281,492.82391357421875,0.9241697192192078,376.2751770019531,699.7369384765625,0.9948616623878479,420.42236328125,664.3419799804688,0.1194799393415451,288.0025329589844,648.4263916015625,0.9858880639076233,324.6708068847656,646.8018188476562,0.07449789345264435,430.7484436035156,838.3529663085938,0.9829537868499756,458.7972717285156,822.3312377929688,0.8830652832984924,371.4705810546875,1081.0101318359375,0.9927114248275757,400.42449951171875,1062.4703369140625,0.9374988079071045,400.4127502441406,1315.8436279296875,0.9574897885322571,418.5238952636719,1276.528076171875,0.8960315585136414
123,296.736083984375,422.1033935546875,0.1077829897403717,295.3651428222656,403.8058776855469,0.08507439494132996,310.23675537109375,400.2323913574219,0.0027943341992795467,325.5936279296875,400.82733154296875,0.8749305009841919,387.37408447265625,389.5375671386719,0.12836380302906036,385.2322082519531,510.5079345703125,0.9984667897224426,424.0736389160156,483.0702209472656,0.9509699940681458,393.24560546875,686.6882934570312,0.9971963167190552,419.5794372558594,635.101806640625,0.0667000338435173,295.7773132324219,643.9935302734375,0.980093240737915,333.4204406738281,625.5576171875,0.08012484759092331,423.06622314453125,815.5036010742188,0.9944096207618713,460.22064208984375,799.349609375,0.9622775316238403,384.422119140625,1061.0709228515625,0.9972564578056335,411.6025390625,1031.73828125,0.9755909442901611,407.8916320800781,1309.636962890625,0.9830223917961121,407.06976318359375,1227.488525390625,0.9716364741325378
124,360.9321594238281,399.9100341796875,0.009372472763061523,349.6181945800781,385.919677734375,0.0032985496800392866,365.3638916015625,380.5968322753906,0.00417809933423996,315.28326416015625,395.3262023925781,0.7473916411399841,393.3560791015625,385.8005676269531,0.8766576051712036,343.489501953125,497.374755859375,0.9774727821350098,449.3273620605469,458.9643859863281,0.9902058243751526,382.70556640625,680.6661987304688,0.6693488359451294,510.4902038574219,397.4594421386719,0.8929051160812378,312.6336669921875,662.146240234375,0.8821834325790405,476.4397277832031,347.5203857421875,0.9127419590950012,394.7564697265625,806.7987670898438,0.990829586982727,441.81036376953125,791.4844970703125,0.9898590445518494,399.5294494628906,1060.310546875,0.9971901774406433,406.8688049316406,1026.1485595703125,0.9867554903030396,414.6476135253906,1302.0948486328125,0.9875785708427429,411.103759765625,1197.748779296875,0.969716489315033
125,317.0528564453125,421.39166259765625,0.04814591631293297,316.4091796875,402.82244873046875,0.020683806389570236,329.97052001953125,398.47015380859375,0.0017084104474633932,343.8454284667969,396.7745361328125,0.7461344599723816,401.16180419921875,383.8065490722656,0.23422397673130035,400.17138671875,507.5198059082031,0.9978421926498413,441.1777648925781,476.99163818359375,0.9537973999977112,412.71173095703125,675.6959838867188,0.9958100318908691,450.249755859375,551.37548828125,0.11079008877277374,307.6097717285156,642.958740234375,0.9874756932258606,388.5647888183594,513.0070190429688,0.22537049651145935,408.220947265625,812.6141357421875,0.9918571710586548,433.1154479980469,793.4044799804688,0.958286464214325,411.4814453125,1048.4345703125,0.99770587682724,401.6739501953125,1000.7183837890625,0.9866960048675537,424.27923583984375,1297.612060546875,0.9902974963188171,406.006591796875,1166.0308837890625,0.9920995235443115
126,317.6378173828125,422.914794921875,0.03551270812749863,315.249267578125,403.1165771484375,0.017391083762049675,332.3246765136719,399.6378479003906,0.001424390822649002,337.94464111328125,397.3965759277344,0.7155477404594421,401.6474304199219,386.4022521972656,0.23122094571590424,398.9662780761719,507.64642333984375,0.9979119896888733,421.20599365234375,489.8168640136719,0.9247005581855774,418.0881042480469,677.6591186523438,0.9963990449905396,410.25439453125,633.8070068359375,0.05465764179825783,310.21490478515625,646.5235595703125,0.9809918999671936,325.77197265625,632.0667114257812,0.08911057561635971,410.7892761230469,817.8857421875,0.9911008477210999,423.84027099609375,802.136474609375,0.9480612277984619,411.7776794433594,1059.6689453125,0.9976119995117188,394.5849304199219,1018.5824584960938,0.9870973825454712,427.1646423339844,1301.1954345703125,0.9898539185523987,402.60052490234375,1178.143310546875,0.9925310015678406
127,321.18359375,417.32891845703125,0.03739364072680473,319.7799377441406,397.3128967285156,0.019936902448534966,334.5431213378906,394.4169921875,0.001836062641814351,341.2201843261719,393.5675964355469,0.7054634094238281,398.7935791015625,383.90374755859375,0.21775415539741516,400.4708251953125,506.5199890136719,0.9976947903633118,416.4309997558594,489.6107177734375,0.9184353351593018,420.4405517578125,681.3150634765625,0.9962477087974548,404.9530334472656,636.6273193359375,0.07473607361316681,310.85845947265625,646.9578857421875,0.9796617031097412,319.0115966796875,630.8916625976562,0.1252763569355011,408.0379333496094,816.9966430664062,0.9894188642501831,415.13836669921875,801.1942138671875,0.9259507060050964,408.10791015625,1061.2459716796875,0.9969622492790222,393.05419921875,1019.048828125,0.9721620082855225,425.8125915527344,1303.258544921875,0.988908588886261,401.5054626464844,1178.3992919921875,0.9855340719223022
128,374.32916259765625,396.8848571777344,0.007641856092959642,360.147216796875,383.385986328125,0.0025284208822995424,378.0492248535156,377.4259948730469,0.0032679028809070587,318.7447204589844,392.47900390625,0.6195945143699646,401.89349365234375,383.1751708984375,0.800898551940918,343.6972961425781,488.3542785644531,0.9674201011657715,455.409912109375,454.2948913574219,0.9507769346237183,377.4298095703125,647.7125854492188,0.3678831160068512,512.3161010742188,456.46380615234375,0.28813913464546204,317.2752380371094,652.6719970703125,0.6997037529945374,498.68585205078125,391.9731750488281,0.4020138084888458,388.6356201171875,802.3073120117188,0.9838237762451172,437.1031494140625,787.3731079101562,0.9657108783721924,408.22943115234375,1061.5279541015625,0.996842622756958,396.0709533691406,1031.306396484375,0.9767323136329651,424.206787109375,1309.6513671875,0.986156165599823,401.3943176269531,1206.09033203125,0.95730060338974
129,319.4892883300781,410.9517822265625,0.04008546099066734,315.66070556640625,391.0677795410156,0.02078532800078392,332.7014465332031,387.65557861328125,0.00152141647413373,330.02667236328125,388.8050842285156,0.7802827954292297,398.28656005859375,378.9792175292969,0.2181348353624344,394.6750793457031,508.51446533203125,0.9980757236480713,420.0860595703125,490.14556884765625,0.9312124848365784,404.536376953125,683.8397216796875,0.995492696762085,408.01287841796875,636.4720458984375,0.11137115210294724,297.8597717285156,638.6251220703125,0.9814493060112,315.9942321777344,622.4464721679688,0.2867699861526489,401.56573486328125,822.8516235351562,0.9898465275764465,419.64508056640625,806.6866455078125,0.927155077457428,397.50128173828125,1061.9144287109375,0.9955958724021912,390.49365234375,1027.581787109375,0.9515734314918518,418.19989013671875,1307.0909423828125,0.9838985800743103,396.4696350097656,1197.52783203125,0.9692549705505371
130,296.33587646484375,418.6336975097656,0.08253660798072815,294.5180969238281,399.058837890625,0.04764954745769501,310.0960693359375,395.940673828125,0.0018721679225564003,322.3227233886719,392.8647155761719,0.7655534148216248,383.82574462890625,383.1690979003906,0.09620268642902374,390.3389892578125,505.7221984863281,0.9980399012565613,415.8206481933594,487.3504943847656,0.9248296618461609,394.6645202636719,688.30126953125,0.996736466884613,412.11102294921875,649.8726806640625,0.07629522681236267,289.5016174316406,638.0010986328125,0.9822940826416016,319.2176208496094,630.5201416015625,0.11949116736650467,405.6803894042969,820.769775390625,0.9916998147964478,423.4201965332031,803.779296875,0.9411196708679199,389.0149841308594,1066.169921875,0.9968773126602173,377.1177062988281,1029.2149658203125,0.970008909702301,409.2337646484375,1313.737548828125,0.9832949042320251,391.958251953125,1201.8856201171875,0.9751571416854858
131,289.3766784667969,431.5942687988281,0.07544483989477158,286.18310546875,410.5361328125,0.05166776105761528,301.572265625,408.015869140625,0.001447996823117137,315.1109313964844,400.9189453125,0.7999487519264221,378.65972900390625,393.272705078125,0.09975754469633102,384.1107177734375,510.2877502441406,0.9981479644775391,417.9109191894531,492.7793273925781,0.9280084371566772,379.3210754394531,694.32470703125,0.9967568516731262,415.5999450683594,655.6635131835938,0.053717538714408875,283.6425476074219,638.5574340820312,0.9859186410903931,322.0690612792969,635.891357421875,0.08212524652481079,412.85052490234375,831.2168579101562,0.9911077618598938,436.7074279785156,815.6398315429688,0.9336374402046204,383.47894287109375,1082.363037109375,0.9977931976318359,373.70941162109375,1046.79345703125,0.9759330153465271,403.22784423828125,1323.6209716796875,0.9885227680206299,390.8193054199219,1211.0745849609375,0.9811848998069763
132,273.9637451171875,472.89886474609375,0.2158803939819336,274.5552062988281,450.0991516113281,0.18499533832073212,282.34637451171875,449.761474609375,0.004658529534935951,319.69366455078125,427.6342468261719,0.7882707715034485,356.90386962890625,424.9866638183594,0.04019816592335701,378.3553161621094,528.5919189453125,0.9979057312011719,418.982177734375,511.76947021484375,0.935512125492096,362.8032531738281,711.190673828125,0.9967558979988098,413.3534851074219,679.6162719726562,0.08727214485406876,273.243896484375,646.9052734375,0.9864248037338257,323.26666259765625,655.1813354492188,0.06977588683366776,417.1820068359375,852.8805541992188,0.9937706589698792,455.7873840332031,840.1683349609375,0.9561462998390198,362.7689208984375,1096.088623046875,0.9971734285354614,394.24395751953125,1079.362548828125,0.9720622897148132,392.41107177734375,1327.398193359375,0.980602502822876,411.8573303222656,1285.3582763671875,0.9494722485542297
133,265.18408203125,497.5043029785156,0.23531265556812286,263.3935852050781,475.4903564453125,0.17331914603710175,273.236083984375,474.40179443359375,0.005578763782978058,295.3439025878906,463.2766418457031,0.8204779624938965,342.903564453125,460.2409973144531,0.059397175908088684,362.31689453125,568.4129638671875,0.9975302815437317,397.1083984375,547.6101684570312,0.9564030170440674,338.6956481933594,741.5481567382812,0.9966625571250916,397.1247863769531,708.1015625,0.14273753762245178,256.85333251953125,667.243896484375,0.9874984622001648,305.5331115722656,679.431640625,0.1691734343767166,427.4886779785156,861.6387939453125,0.9941744208335876,438.4415588378906,845.3501586914062,0.9781938791275024,334.0389709472656,1087.8372802734375,0.9978875517845154,363.3048095703125,1061.47802734375,0.9910277724266052,383.35931396484375,1331.1263427734375,0.9780574440956116,406.9940185546875,1242.2200927734375,0.9805185794830322
134,248.08187866210938,542.7644653320312,0.2147386223077774,248.9140625,521.3023071289062,0.17213065922260284,255.43006896972656,521.2807006835938,0.008376737125217915,287.4353332519531,510.37811279296875,0.6986786127090454,318.2489929199219,508.79571533203125,0.050120383501052856,350.0282287597656,614.2216186523438,0.995701014995575,371.95941162109375,593.4057006835938,0.9559791684150696,327.5677490234375,789.3001098632812,0.9961268305778503,361.8526611328125,749.0548706054688,0.31034934520721436,245.22177124023438,713.9232177734375,0.9790787696838379,281.9171447753906,706.9212036132812,0.26183706521987915,429.08441162109375,900.2061157226562,0.9951938986778259,422.9997253417969,874.4868774414062,0.9897145628929138,312.0218200683594,1111.4891357421875,0.9978153705596924,312.4989929199219,1022.612548828125,0.9969447255134583,375.6349792480469,1350.6907958984375,0.9420551061630249,393.5437927246094,1216.7420654296875,0.9888110160827637
135,233.88157653808594,614.5208129882812,0.33550330996513367,231.90721130371094,593.28564453125,0.330472469329834,240.40093994140625,591.8369140625,0.013230190612375736,268.648681640625,574.59375,0.7677452564239502,306.8713073730469,571.1678466796875,0.04370840638875961,343.3946838378906,663.5125732421875,0.9966795444488525,365.0918884277344,637.0765380859375,0.9655612707138062,303.06488037109375,850.326416015625,0.9980970025062561,340.37744140625,800.408935546875,0.8276846408843994,228.29612731933594,758.279052734375,0.978146493434906,256.4007568359375,751.1513061523438,0.9083444476127625,434.68994140625,944.182861328125,0.9945122003555298,424.3164367675781,911.5043334960938,0.9920726418495178,289.6766357421875,1137.8948974609375,0.9973381161689758,301.50830078125,1022.7152099609375,0.9983019828796387,375.4518127441406,1364.6654052734375,0.9163567423820496,390.6450500488281,1229.847900390625,0.9918932914733887
136,233.50094604492188,656.439453125,0.38431814312934875,232.28448486328125,635.6878662109375,0.3091018795967102,238.51385498046875,637.1441650390625,0.017574626952409744,270.6273193359375,618.0491943359375,0.5901400446891785,299.5611877441406,620.8793334960938,0.02730526216328144,336.0484924316406,703.8400268554688,0.9959014058113098,355.3893737792969,681.6656494140625,0.9653515815734863,297.8544616699219,889.749755859375,0.9988150596618652,330.5700988769531,846.7703247070312,0.6210384368896484,224.16734313964844,796.1351318359375,0.9862526059150696,251.8029022216797,793.8578491210938,0.5097807049751282,441.84539794921875,973.9751586914062,0.9963343143463135,425.98602294921875,942.1039428710938,0.995079755783081,278.34814453125,1152.608642578125,0.9974576830863953,291.1418151855469,1025.4151611328125,0.9987064599990845,372.46240234375,1363.348876953125,0.9295943379402161,393.2371826171875,1235.5894775390625,0.9954878687858582
137,218.44049072265625,697.3767700195312,0.3649819493293762,217.54641723632812,679.6968994140625,0.24059267342090607,226.1799774169922,676.5034790039062,0.016799526289105415,249.85162353515625,667.6231079101562,0.6215737462043762,287.2696228027344,660.3939208984375,0.04086697846651077,326.1104431152344,754.3223876953125,0.9957068562507629,340.0656433105469,726.177734375,0.9734869599342346,287.04638671875,937.412841796875,0.9988309741020203,326.99761962890625,885.444091796875,0.7744492888450623,217.28785705566406,833.7225341796875,0.988875150680542,246.78805541992188,830.0923461914062,0.8118085861206055,448.18939208984375,1010.2906494140625,0.9961115717887878,428.6190185546875,973.4298095703125,0.9946002960205078,267.85711669921875,1162.781982421875,0.9980118274688721,280.63330078125,1023.7862548828125,0.9985775947570801,377.18878173828125,1356.968505859375,0.9372811317443848,390.3201904296875,1222.037841796875,0.9943378567695618
138,217.44932556152344,717.4755859375,0.23490042984485626,221.9297637939453,698.3121337890625,0.18004146218299866,224.05809020996094,698.7235107421875,0.030789975076913834,260.2166748046875,693.1385498046875,0.35637423396110535,279.8851318359375,690.7770385742188,0.050904326140880585,320.80096435546875,792.935791015625,0.9932679533958435,338.01690673828125,767.3721923828125,0.9400599598884583,280.9947814941406,977.9947509765625,0.9989269375801086,309.3148498535156,935.7091064453125,0.659270703792572,211.2266845703125,871.50048828125,0.9890890717506409,237.0382843017578,870.2542724609375,0.7308335304260254,444.7043151855469,1045.8194580078125,0.9963743090629578,426.80755615234375,1009.0265502929688,0.9921823143959045,254.16551208496094,1167.6776123046875,0.9976184964179993,268.8906555175781,1030.25537109375,0.9961168766021729,377.02490234375,1354.0902099609375,0.9607653021812439,379.03558349609375,1204.874267578125,0.992652416229248
139,245.52432250976562,759.561767578125,0.09425695240497589,249.10043334960938,742.160400390625,0.032607413828372955,253.31640625,740.77392578125,0.007135478314012289,275.45574951171875,739.27197265625,0.24647070467472076,300.1651306152344,733.416259765625,0.05663035809993744,321.3311462402344,830.125244140625,0.987033486366272,341.4798583984375,802.5309448242188,0.9565148949623108,269.8778076171875,1014.7103271484375,0.9980214834213257,310.9454650878906,959.295654296875,0.7389653921127319,210.81785583496094,897.3067626953125,0.9931614398956299,234.5657958984375,897.0159912109375,0.7333207130432129,448.7517395019531,1075.7340087890625,0.994468092918396,437.56719970703125,1039.179443359375,0.988310694694519,241.3173828125,1177.54345703125,0.9974874258041382,258.0793762207031,1035.14892578125,0.99174565076828,369.5473937988281,1358.134033203125,0.980705738067627,374.25848388671875,1198.6461181640625,0.9925643801689148
140,198.37342834472656,800.1315307617188,0.311047226190567,204.33883666992188,779.8440551757812,0.3470170795917511,203.44334411621094,778.7606201171875,0.032975487411022186,251.41358947753906,769.30810546875,0.6298994421958923,259.60162353515625,764.556640625,0.04475000128149986,314.5943298339844,853.520263671875,0.9943217039108276,318.9996337890625,822.0799560546875,0.9576665163040161,265.6060485839844,1045.724365234375,0.9982560276985168,294.5250549316406,985.2379760742188,0.7243037819862366,206.2255859375,918.30224609375,0.9857839941978455,230.6015167236328,917.9222412109375,0.7182132005691528,444.718994140625,1089.972900390625,0.9944393634796143,417.63970947265625,1060.5159912109375,0.9857907295227051,240.83058166503906,1172.123046875,0.9954373240470886,255.0823974609375,1090.0589599609375,0.9799225330352783,355.2764892578125,1358.6937255859375,0.9896383285522461,382.337158203125,1208.9111328125,0.9920942187309265
141,196.77166748046875,825.664794921875,0.3035389184951782,199.65347290039062,804.9711303710938,0.3322479724884033,202.44558715820312,803.6744384765625,0.032993510365486145,240.51307678222656,792.7837524414062,0.5656160712242126,261.0563659667969,788.2896728515625,0.04323238879442215,310.56732177734375,871.2411499023438,0.9941383600234985,313.3993835449219,842.2937622070312,0.9456008076667786,260.0422058105469,1055.8974609375,0.9982410669326782,279.2735900878906,1006.4241943359375,0.5800804495811462,203.9269561767578,929.3388671875,0.9898408055305481,218.75497436523438,936.2676391601562,0.5528259873390198,443.5184020996094,1105.1201171875,0.9943180680274963,416.7936096191406,1077.1630859375,0.9798386096954346,239.15042114257812,1174.012451171875,0.9952855706214905,251.30194091796875,1098.4912109375,0.9636642932891846,354.4466857910156,1359.122802734375,0.9913188815116882,381.4441223144531,1211.7237548828125,0.9881805181503296
142,196.1168212890625,825.0653076171875,0.24372975528240204,196.64212036132812,804.3653564453125,0.24854174256324768,203.83578491210938,803.3822631835938,0.016813883557915688,233.37057495117188,794.16650390625,0.6094655990600586,267.23236083984375,789.95849609375,0.04612216353416443,307.729736328125,878.7479858398438,0.9958221912384033,311.32489013671875,849.31591796875,0.9613829255104065,254.20237731933594,1061.9552001953125,0.9980460405349731,276.44732666015625,1016.4683837890625,0.5742101073265076,202.931396484375,937.0465087890625,0.986107587814331,215.51002502441406,944.3721313476562,0.4568842053413391,444.9014587402344,1112.419677734375,0.9933598637580872,422.1138916015625,1084.89306640625,0.977290689945221,239.1063232421875,1177.430419921875,0.9950408339500427,251.58982849121094,1101.4664306640625,0.9656389355659485,354.7306213378906,1359.805419921875,0.9893916845321655,381.9418029785156,1217.1007080078125,0.9869450926780701
143,200.09327697753906,821.505615234375,0.21264131367206573,200.55557250976562,801.5546875,0.21966814994812012,208.87451171875,799.427734375,0.020356960594654083,236.28033447265625,789.4635009765625,0.5200685262680054,272.7207336425781,782.740478515625,0.05458464100956917,305.8843994140625,869.6663208007812,0.9943055510520935,319.8684997558594,840.8161010742188,0.947482705116272,256.0835876464844,1055.67822265625,0.9981959462165833,286.92718505859375,1005.9873046875,0.5142722725868225,199.62701416015625,930.45751953125,0.988882839679718,222.7618408203125,938.4196166992188,0.43970438838005066,441.1722717285156,1106.91845703125,0.9942569136619568,423.867919921875,1078.80419921875,0.9780644178390503,237.49172973632812,1174.579345703125,0.9952768087387085,256.1448974609375,1096.3912353515625,0.9593560099601746,355.0682373046875,1360.179443359375,0.9906046986579895,380.6070861816406,1212.51171875,0.9862601161003113
144,215.85140991210938,795.1054077148438,0.17041556537151337,219.07586669921875,775.41796875,0.21619956195354462,223.73255920410156,774.0118408203125,0.030341675505042076,254.24923706054688,769.831787109375,0.5644389390945435,283.0389099121094,763.3767700195312,0.12223516404628754,306.666259765625,853.7908325195312,0.9942670464515686,329.21954345703125,825.1109619140625,0.9499712586402893,263.3599548339844,1034.35302734375,0.9981829524040222,281.8697509765625,1001.12744140625,0.6605777144432068,207.67098999023438,914.8952026367188,0.9830282926559448,213.898681640625,918.20947265625,0.6207876801490784,439.6683654785156,1086.145263671875,0.9949546456336975,437.2862548828125,1057.4986572265625,0.9825778603553772,237.25875854492188,1175.4393310546875,0.995952844619751,282.4421081542969,1085.9437255859375,0.9750847220420837,356.2886047363281,1358.710205078125,0.9909536838531494,386.8379821777344,1218.4188232421875,0.990661084651947
145,206.09228515625,757.8204956054688,0.22924619913101196,207.04904174804688,739.5662231445312,0.28471478819847107,215.78250122070312,736.4671630859375,0.017390863969922066,247.28497314453125,730.1859741210938,0.6163340210914612,282.22320556640625,720.4555053710938,0.04216214269399643,307.94488525390625,814.906494140625,0.9944108128547668,338.91168212890625,780.3785400390625,0.9410452246665955,270.3352966308594,993.4962768554688,0.9983865022659302,306.6655578613281,944.719970703125,0.7150357365608215,207.76914978027344,882.5444946289062,0.9871814846992493,235.0419158935547,877.8076171875,0.7446112632751465,437.40185546875,1067.9764404296875,0.9968069791793823,435.28350830078125,1025.3895263671875,0.9917826652526855,236.86184692382812,1177.300048828125,0.9963312745094299,266.1218566894531,1018.0614013671875,0.9928221106529236,372.9341735839844,1351.4678955078125,0.9649024605751038,362.92822265625,1187.5450439453125,0.99320387840271
146,215.42385864257812,716.3455200195312,0.3916657567024231,214.92550659179688,696.729736328125,0.37869730591773987,223.5091552734375,696.033447265625,0.018471920862793922,252.13221740722656,682.9727783203125,0.673686146736145,286.17266845703125,680.0093383789062,0.025641193613409996,312.4515075683594,770.734375,0.9953740239143372,336.51025390625,746.033203125,0.966475248336792,280.65191650390625,952.9292602539062,0.9982675313949585,296.8861083984375,914.4367065429688,0.8133658766746521,217.62289428710938,845.5807495117188,0.980350136756897,227.5783233642578,844.3212890625,0.8429898619651794,436.1173400878906,1028.568115234375,0.9966282248497009,424.6449279785156,994.0270385742188,0.994211733341217,252.28125,1169.3265380859375,0.9979521632194519,274.9373779296875,1025.575439453125,0.9979038238525391,368.9667663574219,1351.544189453125,0.9506126642227173,381.55712890625,1214.7354736328125,0.9939845204353333
147,223.97750854492188,663.431640625,0.28791067004203796,222.20266723632812,644.0279541015625,0.27858155965805054,232.4054412841797,642.6102294921875,0.013947845436632633,258.21856689453125,627.34375,0.6659750938415527,297.8506774902344,622.7418212890625,0.041334204375743866,315.06610107421875,721.1558837890625,0.9965960383415222,348.91925048828125,689.7903442382812,0.9618262648582458,293.3601379394531,906.4369506835938,0.998570442199707,321.3814392089844,862.9398193359375,0.6910484433174133,224.60565185546875,808.234130859375,0.9873661994934082,241.9676971435547,805.01318359375,0.7931669354438782,435.6641845703125,987.423828125,0.9967665672302246,429.79541015625,951.8504028320312,0.9943211078643799,264.81561279296875,1163.778076171875,0.9970434308052063,282.4615783691406,1025.7496337890625,0.99769127368927,371.1354675292969,1357.7479248046875,0.927574872970581,384.1993713378906,1228.5238037109375,0.993080198764801
148,213.9372100830078,616.2478637695312,0.2767959237098694,213.79299926757812,594.6754150390625,0.2924385368824005,221.9781036376953,593.82763671875,0.009664153680205345,259.6064453125,577.0017700195312,0.7869549989700317,291.5206604003906,573.4061279296875,0.037576209753751755,324.8714904785156,674.5698852539062,0.9974408149719238,349.85089111328125,643.4910888671875,0.9600242972373962,306.6684875488281,860.1306762695312,0.9984682202339172,343.6792297363281,800.5796508789062,0.3565391004085541,227.6658935546875,764.3626098632812,0.9831668734550476,259.2290954589844,765.0430908203125,0.34731265902519226,426.8147277832031,953.0992431640625,0.9966519474983215,421.454345703125,920.3368530273438,0.9939894676208496,278.1117858886719,1152.1671142578125,0.996944010257721,295.1937561035156,1032.7003173828125,0.99800044298172,369.0733337402344,1366.4056396484375,0.9134376049041748,388.03802490234375,1238.41748046875,0.9934008717536926
149,229.35020446777344,560.7207641601562,0.24612201750278473,226.6625518798828,539.2381591796875,0.26061826944351196,236.03549194335938,539.6122436523438,0.005552902352064848,261.75421142578125,522.8936157226562,0.9033809900283813,300.513916015625,523.300537109375,0.04672275111079216,329.68359375,626.327392578125,0.9982080459594727,353.34332275390625,598.6580810546875,0.9608922004699707,324.316162109375,813.2587890625,0.9979398846626282,349.76025390625,764.497314453125,0.3733421564102173,235.2892303466797,732.3381958007812,0.984727144241333,259.679931640625,730.1043090820312,0.5258574485778809,423.9112548828125,906.7235717773438,0.9962602853775024,418.2373962402344,882.7713623046875,0.9904926419258118,295.87652587890625,1126.741455078125,0.9978514909744263,328.4698181152344,1053.0469970703125,0.9968616962432861,367.1138610839844,1364.1517333984375,0.9251159429550171,390.5746154785156,1239.7393798828125,0.9847413897514343
150,230.5050811767578,516.401123046875,0.3014867603778839,227.6210174560547,494.0238342285156,0.3325503170490265,236.67733764648438,492.00830078125,0.007358744740486145,266.3968505859375,476.4837646484375,0.8442227244377136,308.16033935546875,473.2410888671875,0.03841354697942734,347.9189453125,583.9141845703125,0.9923428893089294,374.21075439453125,567.6669311523438,0.8011980056762695,337.23638916015625,770.53564453125,0.9826853275299072,375.01824951171875,740.216552734375,0.07960022985935211,245.59222412109375,699.7491455078125,0.9759277105331421,271.0541076660156,698.236328125,0.21530768275260925,395.13543701171875,899.964111328125,0.977512776851654,403.1626281738281,885.9722900390625,0.8329569697380066,317.1263427734375,1128.194580078125,0.99576735496521,366.9504699707031,1117.9208984375,0.9429800510406494,364.0499267578125,1366.6865234375,0.9487424492835999,390.49139404296875,1320.942138671875,0.8138791918754578
151,240.78257751464844,479.3787841796875,0.2177044302225113,245.49826049804688,459.0420837402344,0.13371384143829346,249.90667724609375,458.6675720214844,0.00761399045586586,285.6851806640625,453.06610107421875,0.6238469481468201,314.0527648925781,448.3746337890625,0.04764831066131592,337.4306640625,563.17041015625,0.9965332746505737,373.67254638671875,544.5787353515625,0.9004004597663879,339.0835876464844,745.3502197265625,0.9971079230308533,375.49053955078125,705.3744506835938,0.0923905000090599,254.91708374023438,693.03369140625,0.9877889752388,286.9378967285156,687.9100952148438,0.09884392470121384,403.18548583984375,862.1840209960938,0.9924701452255249,427.92462158203125,848.6622314453125,0.9562245607376099,347.3358154296875,1108.7025146484375,0.9964026212692261,374.02471923828125,1082.8544921875,0.9752780199050903,373.4229736328125,1358.4801025390625,0.9752747416496277,392.7659912109375,1289.2728271484375,0.9642260074615479
152,268.4259338378906,467.7279968261719,0.06425639241933823,270.09246826171875,449.2646484375,0.02802245132625103,276.5975036621094,447.7722473144531,0.0030719900969415903,297.6609191894531,445.4742431640625,0.365800678730011,333.53302001953125,439.74578857421875,0.06949763745069504,345.8081359863281,551.4500122070312,0.9947905540466309,385.7813415527344,534.8425903320312,0.8800734281539917,355.9104309082031,737.7778930664062,0.996207594871521,392.90960693359375,699.1100463867188,0.06320121139287949,266.3138732910156,681.2517700195312,0.9939835667610168,296.9716491699219,674.9453125,0.06191328167915344,399.787109375,870.0576782226562,0.9909102320671082,433.99957275390625,856.8125,0.9190040230751038,366.5184631347656,1103.519287109375,0.9883583188056946,389.7606506347656,1075.221923828125,0.797879695892334,382.80438232421875,1363.422119140625,0.9773854613304138,389.29901123046875,1296.235595703125,0.9014251828193665
153,267.6632385253906,463.06781005859375,0.05741945281624794,266.44720458984375,442.3040466308594,0.04635225236415863,278.5018615722656,440.2867431640625,0.002183691831305623,295.60479736328125,437.91619873046875,0.6231006979942322,347.3593444824219,431.1958923339844,0.08373034000396729,357.5248718261719,541.9410400390625,0.9949610233306885,395.0283203125,528.6043090820312,0.8264250159263611,363.5479431152344,725.7286987304688,0.9948986172676086,385.1976318359375,693.3619384765625,0.05654679611325264,272.55712890625,676.77099609375,0.9891590476036072,289.2150573730469,666.5045166015625,0.06649957597255707,397.113525390625,872.385986328125,0.9875441789627075,427.9093017578125,857.2420654296875,0.8839022517204285,383.0677795410156,1106.3209228515625,0.9915220737457275,392.7682800292969,1063.9193115234375,0.8674250841140747,390.66278076171875,1359.1671142578125,0.9871211647987366,394.3551330566406,1249.500244140625,0.9653387069702148
154,281.0852966308594,462.4763488769531,0.054047901183366776,278.95977783203125,442.0813903808594,0.04553139582276344,291.8996276855469,439.26690673828125,0.0018385426374152303,307.3012390136719,433.66802978515625,0.6462123990058899,358.1847229003906,425.377197265625,0.08989781141281128,368.5769348144531,540.1879272460938,0.9926480054855347,401.4068603515625,520.4150390625,0.836133599281311,373.8487854003906,716.5795288085938,0.9921073317527771,387.72235107421875,657.8889770507812,0.22607937455177307,280.6364440917969,679.91748046875,0.9853174090385437,304.7027282714844,647.8099365234375,0.4109179973602295,399.76446533203125,859.822509765625,0.9763204455375671,419.5613708496094,841.3736572265625,0.877717912197113,397.1363220214844,1102.1370849609375,0.9908124804496765,388.3917541503906,1046.755126953125,0.940721869468689,406.1774597167969,1354.14404296875,0.9864404797554016,396.1712646484375,1224.16748046875,0.9852529168128967
155,282.630615234375,460.86627197265625,0.0419604517519474,283.2201232910156,441.15228271484375,0.027607034891843796,295.965087890625,437.9204406738281,0.0016915887827053666,315.58392333984375,433.7783203125,0.6784030795097351,368.0293884277344,422.41998291015625,0.16822494566440582,373.5928649902344,543.418212890625,0.9972412586212158,401.6544494628906,523.9957885742188,0.9240413308143616,383.0447082519531,722.27197265625,0.9953243732452393,387.8926086425781,666.762939453125,0.14580407738685608,280.4078369140625,679.7692260742188,0.9827290773391724,303.6815185546875,648.8609008789062,0.3595719635486603,391.80859375,860.4097290039062,0.9900292754173279,412.2941589355469,842.9031372070312,0.9464057087898254,398.42620849609375,1105.957275390625,0.9952003955841064,381.82269287109375,1052.0426025390625,0.9740058779716492,412.26068115234375,1348.95458984375,0.9853563904762268,391.0394592285156,1212.24267578125,0.9886493682861328
156,290.28350830078125,459.07867431640625,0.052075378596782684,291.00927734375,440.2262878417969,0.02737663872539997,303.86236572265625,436.236083984375,0.0016002129996195436,322.320556640625,430.7247619628906,0.6354865431785583,370.8201904296875,418.3494873046875,0.09641126543283463,376.86041259765625,543.2807006835938,0.9970448613166809,401.57318115234375,519.8735961914062,0.9166561961174011,388.8324279785156,722.6483764648438,0.994627058506012,391.4242858886719,667.079833984375,0.16730691492557526,282.2862548828125,678.9445190429688,0.9740232825279236,303.5695495605469,651.68701171875,0.3311178684234619,393.3038635253906,860.3028564453125,0.9905509948730469,405.2064208984375,841.7344970703125,0.9454431533813477,389.9902648925781,1107.8253173828125,0.9955496788024902,373.7678527832031,1059.8541259765625,0.9689822196960449,410.40057373046875,1346.377197265625,0.9870928525924683,389.3765869140625,1219.289306640625,0.9858335852622986
157,287.4219970703125,459.862548828125,0.05630306899547577,288.56744384765625,440.0367736816406,0.04758811742067337,300.2783203125,436.3773193359375,0.0025035226717591286,325.14117431640625,429.0251159667969,0.7439725995063782,371.17962646484375,417.0874328613281,0.13825136423110962,384.3504638671875,546.5428466796875,0.9976722598075867,400.9205017089844,523.4392700195312,0.8995354771614075,392.34039306640625,729.357177734375,0.9939913153648376,384.5372009277344,686.4714965820312,0.0315454825758934,283.92413330078125,681.0280151367188,0.9603976607322693,295.791748046875,675.5738525390625,0.05790655314922333,394.9625549316406,866.0540771484375,0.990815281867981,407.1341247558594,848.1890258789062,0.9262528419494629,392.57269287109375,1112.746337890625,0.9958926439285278,374.79705810546875,1068.9398193359375,0.9585591554641724,413.3812255859375,1355.654052734375,0.9847636818885803,388.5677185058594,1232.292724609375,0.9780325889587402
158,290.61700439453125,462.5035400390625,0.053854119032621384,290.0563659667969,442.8026428222656,0.05189112573862076,302.9457092285156,438.13018798828125,0.0020974052604287863,321.94952392578125,430.85406494140625,0.7870557904243469,373.9963684082031,417.74737548828125,0.12964767217636108,385.3029479980469,543.3558959960938,0.9978333115577698,406.013427734375,520.0344848632812,0.8837096095085144,389.71270751953125,732.8659057617188,0.9938883185386658,388.7376708984375,686.3284301757812,0.028596218675374985,287.3663024902344,678.6680908203125,0.963119626045227,302.89556884765625,676.2724609375,0.05325929448008537,396.91552734375,863.8084716796875,0.9898588061332703,410.16162109375,845.6715087890625,0.9058519005775452,392.9062194824219,1115.819580078125,0.9958523511886597,375.5662841796875,1074.4248046875,0.9436777234077454,414.69476318359375,1358.82568359375,0.9855605959892273,392.1925048828125,1240.0303955078125,0.9710903763771057
159,289.1890563964844,458.7624206542969,0.08557794988155365,285.3792419433594,439.1644592285156,0.08918966352939606,300.1142883300781,435.35430908203125,0.0015571038238704205,314.0422668457031,426.5257873535156,0.8141797780990601,372.7502136230469,418.1521911621094,0.039220549166202545,385.6820068359375,540.23095703125,0.9972665309906006,414.95697021484375,519.7721557617188,0.9169090390205383,386.0155334472656,734.9490966796875,0.9803490042686462,400.8488464355469,699.46337890625,0.05327431112527847,306.0536193847656,705.8184204101562,0.774699866771698,320.5150451660156,704.8170776367188,0.027941521257162094,409.35833740234375,861.38427734375,0.9914480447769165,427.1260070800781,845.5076293945312,0.904421865940094,388.184814453125,1114.04443359375,0.993777871131897,383.72332763671875,1082.7998046875,0.7962597608566284,413.088134765625,1366.87158203125,0.9820934534072876,408.1599426269531,1282.046630859375,0.8641399145126343
160,268.1655578613281,473.671142578125,0.09986111521720886,266.5670166015625,454.4791259765625,0.061141401529312134,279.2370300292969,450.18450927734375,0.0019458797760307789,299.7094421386719,442.0826721191406,0.6182892918586731,352.04766845703125,430.7718505859375,0.04870240017771721,375.1367492675781,542.9818725585938,0.9974939823150635,400.880859375,520.4060668945312,0.9274492859840393,371.2639465332031,737.125244140625,0.9948790073394775,397.0928649902344,685.6239013671875,0.10071530193090439,274.30218505859375,666.8768310546875,0.9733859300613403,318.3988037109375,654.978759765625,0.10648780316114426,409.01654052734375,867.8323974609375,0.990581214427948,433.3571472167969,848.4982299804688,0.9455385208129883,385.55670166015625,1117.606689453125,0.994681179523468,381.30841064453125,1072.7236328125,0.9597455263137817,407.4682922363281,1366.4322509765625,0.9804050326347351,392.8523254394531,1245.61669921875,0.975151002407074
161,272.3052062988281,494.5472717285156,0.11333642154932022,269.8153381347656,475.671142578125,0.07149150967597961,282.518798828125,471.010009765625,0.002380669116973877,298.830078125,459.48004150390625,0.7259482741355896,350.6356201171875,448.7816162109375,0.05197795480489731,363.55181884765625,558.3102416992188,0.9979475140571594,406.6449279785156,537.21337890625,0.9452836513519287,352.6443786621094,744.8624267578125,0.9948817491531372,392.3575744628906,713.4063720703125,0.19155648350715637,279.3464050292969,689.5459594726562,0.9372231364250183,306.739501953125,681.9605102539062,0.1229790523648262,412.3263244628906,875.1910400390625,0.9912449717521667,453.45489501953125,860.9310913085938,0.961498498916626,370.7033386230469,1122.7303466796875,0.9961504936218262,397.6041259765625,1102.680908203125,0.9818379282951355,398.89666748046875,1364.2723388671875,0.9691800475120544,415.7449645996094,1304.09912109375,0.9613625407218933
162,257.0677185058594,529.2623901367188,0.1120212972164154,252.63706970214844,508.1968688964844,0.10644913464784622,263.24554443359375,505.5701599121094,0.0031476665753871202,276.68695068359375,488.5277099609375,0.7959113717079163,324.2491149902344,484.0911865234375,0.05986351892352104,354.1445007324219,583.6343383789062,0.9960599541664124,379.2076721191406,564.8053588867188,0.9319503307342529,339.6733703613281,760.971435546875,0.9909752011299133,377.7364501953125,730.48779296875,0.2293284684419632,261.0332336425781,696.9697875976562,0.9745132327079773,297.1009521484375,693.203125,0.16656748950481415,435.6407775878906,889.3466796875,0.9925084710121155,437.9290771484375,871.2398681640625,0.9607511162757874,348.5121765136719,1126.4810791015625,0.997639536857605,360.8380432128906,1086.3677978515625,0.9778972268104553,402.41015625,1371.12451171875,0.9731606841087341,413.19537353515625,1270.535888671875,0.9466508030891418
163,252.28924560546875,585.806396484375,0.10603582859039307,250.41275024414062,563.9432373046875,0.07937152683734894,259.6313781738281,561.2941284179688,0.004184687044471502,283.41754150390625,542.2191162109375,0.5402098298072815,323.0772399902344,536.3492431640625,0.045567113906145096,354.635498046875,633.2633056640625,0.9948880076408386,380.1307373046875,610.493896484375,0.9288292527198792,325.0355529785156,811.9305419921875,0.9967827796936035,359.2174377441406,775.0482788085938,0.33436673879623413,244.61117553710938,728.82666015625,0.978001594543457,277.34527587890625,726.40771484375,0.2724642753601074,442.3719787597656,917.7469482421875,0.9943333864212036,438.2685241699219,891.4315795898438,0.9838975071907043,322.8483581542969,1130.9393310546875,0.9976661205291748,337.5537109375,1050.3758544921875,0.9946171641349792,395.6560363769531,1372.161376953125,0.9453625082969666,417.07958984375,1251.4930419921875,0.9799673557281494
164,251.27842712402344,644.5498046875,0.39929768443107605,250.71885681152344,623.714599609375,0.27750879526138306,253.9283447265625,622.2896118164062,0.017820874229073524,284.6187438964844,596.8961791992188,0.4860658347606659,305.8254089355469,594.8046264648438,0.02198117785155773,345.1614074707031,671.4266967773438,0.9938048124313354,372.65460205078125,643.1580810546875,0.9404636025428772,309.5467529296875,863.7510375976562,0.9984580278396606,360.97564697265625,805.5935668945312,0.5237227082252502,234.28750610351562,766.8245849609375,0.9856764078140259,277.31829833984375,765.0533447265625,0.49974703788757324,450.5228271484375,951.7574462890625,0.9947943091392517,443.81201171875,920.5015258789062,0.991479218006134,307.4228210449219,1148.097412109375,0.998023509979248,320.1042175292969,1038.35400390625,0.998187243938446,399.012451171875,1377.39306640625,0.9366409778594971,412.1334533691406,1239.4954833984375,0.9921857714653015
165,237.4108123779297,655.8991088867188,0.28969836235046387,236.51405334472656,636.5677490234375,0.19190120697021484,242.93548583984375,635.4916381835938,0.016562532633543015,267.2362060546875,626.75439453125,0.6080597639083862,301.03857421875,623.932373046875,0.05696972459554672,332.980712890625,722.0283203125,0.9960438013076782,357.17254638671875,694.7611083984375,0.9672001600265503,294.58038330078125,905.5228271484375,0.998576283454895,332.3723449707031,863.839599609375,0.6801847219467163,226.11325073242188,808.0484008789062,0.9863572120666504,248.87339782714844,808.7689819335938,0.7714626789093018,460.50115966796875,990.4727783203125,0.9940371513366699,451.2326354980469,957.6971435546875,0.9918143153190613,293.824951171875,1159.053955078125,0.9978262782096863,303.3942565917969,1035.3359375,0.9985721111297607,397.7728576660156,1374.2239990234375,0.9235929846763611,411.08416748046875,1234.9599609375,0.9933671355247498
166,226.15725708007812,728.814453125,0.39839741587638855,228.17628479003906,708.939208984375,0.37447744607925415,233.02972412109375,708.207763671875,0.021828409284353256,275.24267578125,690.9998168945312,0.6664106845855713,298.3699035644531,687.4502563476562,0.02915135771036148,334.0686340332031,767.6132202148438,0.9954240918159485,365.0801086425781,737.48828125,0.9635897874832153,282.9366760253906,948.7711181640625,0.9987530708312988,329.7129211425781,896.7037353515625,0.7524023652076721,218.57113647460938,847.38330078125,0.9841935038566589,252.1784210205078,843.0953369140625,0.7578408718109131,466.83148193359375,1022.3295288085938,0.9937425255775452,460.92449951171875,986.5641479492188,0.9920237064361572,284.0382080078125,1172.6390380859375,0.9973784685134888,298.0213623046875,1036.382568359375,0.998528242111206,387.31591796875,1374.2525634765625,0.9133608341217041,410.5848388671875,1233.7030029296875,0.993586003780365
167,221.44180297851562,748.7156372070312,0.33286595344543457,222.59580993652344,729.6198120117188,0.32738518714904785,230.33946228027344,729.1907958984375,0.032965511083602905,265.091552734375,718.6107788085938,0.5679774880409241,296.58245849609375,714.6937866210938,0.0523148849606514,331.58868408203125,813.384765625,0.9946978092193604,355.07159423828125,782.4519653320312,0.965840756893158,274.1119079589844,990.8853759765625,0.9985742568969727,317.0832824707031,944.1629638671875,0.8320817351341248,211.81417846679688,878.7882080078125,0.9879606366157532,243.4575958251953,876.0194702148438,0.8931788206100464,460.07745361328125,1062.60693359375,0.9958925247192383,448.7052001953125,1022.0477905273438,0.9934060573577881,268.3537292480469,1182.8388671875,0.9968997240066528,284.2676696777344,1029.6026611328125,0.9967535138130188,395.633544921875,1369.5076904296875,0.9592680335044861,396.6802673339844,1214.7021484375,0.9948384165763855
168,253.42543029785156,833.5010986328125,0.03234776481986046,258.2674255371094,819.462646484375,0.006305670365691185,260.1936340332031,817.2843627929688,0.0011203825706616044,286.9719543457031,809.8418579101562,0.01769523322582245,300.9828186035156,802.8438720703125,0.003457538317888975,318.5755615234375,856.2140502929688,0.9204686284065247,362.8934631347656,836.4187622070312,0.6634429097175598,268.90069580078125,1029.3248291015625,0.9976330995559692,323.7799377441406,971.2908935546875,0.8299921751022339,216.14556884765625,912.9711303710938,0.9833471179008484,243.03518676757812,901.9957885742188,0.8965187072753906,460.7478332519531,1084.868408203125,0.9934206604957581,464.9071044921875,1053.1959228515625,0.9823802709579468,259.6651916503906,1189.958740234375,0.9982908368110657,277.05279541015625,1056.9942626953125,0.9917288422584534,382.49945068359375,1371.11767578125,0.9829339385032654,400.972900390625,1207.0516357421875,0.9900346398353577
169,204.8614501953125,848.5449829101562,0.18883377313613892,215.0330810546875,828.3602905273438,0.09523803740739822,210.73477172851562,827.728271484375,0.037898704409599304,247.56936645507812,815.5715942382812,0.27687448263168335,251.35879516601562,810.215087890625,0.09481383115053177,294.16656494140625,885.0236206054688,0.7876801490783691,298.6584777832031,861.8054809570312,0.9139736294746399,316.6398010253906,1070.6815185546875,0.2604292333126068,312.3313903808594,1035.196533203125,0.11240371316671371,235.4869842529297,1151.580322265625,0.4733016788959503,253.47598266601562,1146.4208984375,0.21746553480625153,472.2019348144531,1090.89453125,0.9874419569969177,462.92889404296875,1066.8138427734375,0.9892144799232483,256.806640625,1184.96826171875,0.9932336211204529,295.32696533203125,1104.987548828125,0.9772268533706665,376.4493713378906,1375.774658203125,0.9898792505264282,410.61505126953125,1239.125,0.9887220859527588
170,195.75613403320312,837.382080078125,0.15703999996185303,198.681640625,815.6116333007812,0.1781395524740219,215.07264709472656,814.628173828125,0.02435852773487568,225.8385009765625,803.027587890625,0.6802780628204346,285.7891845703125,792.198974609375,0.21789517998695374,248.28453063964844,881.6444091796875,0.9573067426681519,320.770751953125,847.1012573242188,0.9569284319877625,251.5998077392578,1053.021728515625,0.3498649001121521,305.53607177734375,1026.9671630859375,0.1342654973268509,229.68251037597656,1144.3404541015625,0.2923651337623596,257.0806884765625,1147.0701904296875,0.10421094298362732,458.7522277832031,1118.3941650390625,0.9939530491828918,482.8729553222656,1093.8167724609375,0.9891047477722168,250.4679718017578,1187.43017578125,0.9955346584320068,299.24853515625,1106.9127197265625,0.9699371457099915,370.863525390625,1380.137451171875,0.9914695620536804,405.638916015625,1245.4984130859375,0.9823942184448242
171,201.58377075195312,846.7848510742188,0.05672876164317131,200.86451721191406,826.8177490234375,0.08550900220870972,225.52218627929688,823.3622436523438,0.008702580817043781,218.47251892089844,818.7317504882812,0.7317372560501099,305.0207824707031,801.657958984375,0.3263704478740692,235.44432067871094,900.4944458007812,0.9849395751953125,336.6730651855469,861.56884765625,0.9739839434623718,250.46351623535156,1079.399658203125,0.5743224620819092,304.6929016113281,1054.05517578125,0.20528249442577362,245.9733123779297,1133.0362548828125,0.22780917584896088,259.712158203125,1149.334228515625,0.1059005931019783,455.4505920410156,1127.3658447265625,0.995404839515686,493.9765319824219,1100.8958740234375,0.9871335029602051,247.65951538085938,1191.8778076171875,0.995474636554718,292.05804443359375,1102.4163818359375,0.9452194571495056,367.3962097167969,1376.210693359375,0.9921770691871643,398.99285888671875,1239.39794921875,0.9739862084388733
172,207.44027709960938,824.1861572265625,0.5609669089317322,214.17396545410156,803.5933227539062,0.5679988265037537,214.54534912109375,802.6980590820312,0.03335440903902054,268.1669006347656,793.6066284179688,0.6787431836128235,279.5996398925781,788.4114379882812,0.014472254551947117,325.635009765625,883.219482421875,0.9944300055503845,350.7127685546875,850.3048706054688,0.9659883379936218,270.1630554199219,1064.748779296875,0.998542070388794,311.08453369140625,1007.8024291992188,0.8249421119689941,216.4204864501953,936.1982421875,0.9889559149742126,239.1987762451172,929.386962890625,0.8096421957015991,461.783935546875,1119.275146484375,0.9924153685569763,457.72076416015625,1088.651611328125,0.9782177209854126,251.11636352539062,1193.0634765625,0.9963040351867676,274.29876708984375,1104.83935546875,0.9764153361320496,377.7457275390625,1374.292724609375,0.9840320944786072,403.02392578125,1227.9398193359375,0.982471764087677
173,214.91921997070312,795.985107421875,0.6046834588050842,225.7771453857422,776.3280639648438,0.654841959476471,220.45603942871094,774.7035522460938,0.060764893889427185,286.2188720703125,773.8922729492188,0.8683738112449646,281.0851135253906,766.888427734375,0.03348478674888611,332.1188049316406,863.3355712890625,0.9952731728553772,351.79205322265625,830.3084716796875,0.9758683443069458,276.4057922363281,1042.5087890625,0.9980912804603577,317.2739562988281,986.8084106445312,0.6069676876068115,222.88214111328125,918.5026245117188,0.9920002222061157,244.02499389648438,916.511962890625,0.5308899283409119,459.09600830078125,1099.43359375,0.9949380159378052,455.4336242675781,1067.959228515625,0.9866587519645691,256.3432312011719,1188.63818359375,0.9961114525794983,283.4795837402344,1091.0147705078125,0.9807568788528442,375.9843444824219,1371.56591796875,0.9853575825691223,400.4123229980469,1220.7459716796875,0.9895016551017761
174,223.73411560058594,757.942138671875,0.45472708344459534,228.1800079345703,738.1143188476562,0.5179939866065979,231.80821228027344,737.2333984375,0.03681860491633415,275.40966796875,731.51611328125,0.7858183979988098,298.3049621582031,726.5040283203125,0.038677822798490524,337.8877868652344,821.8602905273438,0.9961187839508057,357.2393798828125,796.891357421875,0.9763523936271667,280.38232421875,1002.923583984375,0.9984466433525085,316.8987731933594,974.19580078125,0.7573978900909424,219.80096435546875,879.3731689453125,0.9915128350257874,245.28274536132812,894.69384765625,0.7300173044204712,462.818603515625,1072.33984375,0.9945657253265381,455.1248474121094,1039.97412109375,0.9909648895263672,259.2465515136719,1183.1507568359375,0.9951072931289673,297.7269592285156,1070.498779296875,0.9932560920715332,382.15496826171875,1374.0050048828125,0.9631823301315308,400.222900390625,1223.41259765625,0.9929976463317871
175,232.12066650390625,702.8502807617188,0.5473921298980713,238.63682556152344,683.4759521484375,0.43177756667137146,239.4561309814453,682.4950561523438,0.03479201719164848,283.0127868652344,681.2868041992188,0.6423830389976501,299.31121826171875,676.3006591796875,0.025014644488692284,341.593994140625,775.397216796875,0.9951905012130737,351.68902587890625,756.353759765625,0.9725354909896851,281.19384765625,947.0480346679688,0.9987949132919312,300.7708435058594,912.22607421875,0.7803780436515808,228.43923950195312,831.4705200195312,0.9903411865234375,242.87608337402344,830.8812866210938,0.7397292852401733,464.33941650390625,1037.718505859375,0.995198667049408,448.4069519042969,1003.4365234375,0.994544267654419,269.95318603515625,1176.6494140625,0.996397852897644,295.361572265625,1029.397705078125,0.9984318614006042,379.4105224609375,1374.166015625,0.9434666037559509,401.7381591796875,1231.0281982421875,0.9973867535591125
176,233.4679412841797,669.5457153320312,0.5813119411468506,240.50379943847656,647.820068359375,0.6356003284454346,238.29547119140625,647.7918701171875,0.04453122615814209,296.596923828125,634.597900390625,0.847084105014801,298.27423095703125,632.3121948242188,0.02568972297012806,347.7364196777344,729.7593994140625,0.9972705245018005,358.9120788574219,704.690673828125,0.9754759073257446,289.5312194824219,904.1800537109375,0.998868465423584,313.34716796875,870.2664184570312,0.5590696334838867,229.96279907226562,785.9849853515625,0.9715896844863892,247.6395721435547,789.6188354492188,0.3827526569366455,459.7132568359375,998.21435546875,0.9959736466407776,441.6309509277344,965.6382446289062,0.9949246644973755,282.4052734375,1166.7635498046875,0.9965726137161255,303.4756774902344,1036.8819580078125,0.9984763264656067,380.2790832519531,1377.3922119140625,0.9114229083061218,399.9803771972656,1232.61865234375,0.99576735496521
177,252.65895080566406,605.775146484375,0.21989846229553223,257.9370422363281,586.0030517578125,0.14720281958580017,259.1658630371094,584.7407836914062,0.009343183599412441,298.1769714355469,574.9034423828125,0.5905657410621643,311.69244384765625,569.8467407226562,0.023556161671876907,345.1329650878906,675.888671875,0.9961451292037964,363.4153137207031,648.350341796875,0.9496749639511108,299.76898193359375,865.39404296875,0.9959827661514282,343.61895751953125,814.1181030273438,0.1987740844488144,247.13275146484375,765.7134399414062,0.8261128067970276,279.82122802734375,756.9647216796875,0.0764036774635315,448.3233642578125,959.7207641601562,0.9958949089050293,439.5611267089844,928.9362182617188,0.9933575987815857,294.063720703125,1150.8914794921875,0.9964015483856201,314.0826110839844,1027.8712158203125,0.9977349042892456,387.5976257324219,1374.1971435546875,0.939359188079834,398.6527099609375,1229.5885009765625,0.9962812066078186
178,254.55723571777344,555.2205810546875,0.21426498889923096,254.48570251464844,535.6884155273438,0.1312885880470276,265.38299560546875,533.8268432617188,0.005218177102506161,287.9569091796875,527.9208984375,0.7716060876846313,332.87518310546875,521.7318115234375,0.049654629081487656,351.5943298339844,634.314697265625,0.9980962872505188,380.6316833496094,609.6231689453125,0.9719171524047852,314.47540283203125,815.7770385742188,0.997752845287323,358.0010986328125,771.3595581054688,0.3951607942581177,245.53070068359375,713.9152221679688,0.9750852584838867,267.64276123046875,715.7759399414062,0.44195321202278137,434.48748779296875,921.5949096679688,0.9965832829475403,435.450927734375,895.1521606445312,0.9946320056915283,315.4150085449219,1138.85498046875,0.9970439076423645,333.915283203125,1050.397216796875,0.9980900883674622,380.62237548828125,1369.7059326171875,0.9367300868034363,401.09442138671875,1236.48486328125,0.9948000907897949
179,261.564697265625,523.0677490234375,0.22451798617839813,259.5069274902344,502.4176940917969,0.11903416365385056,270.6039733886719,500.6007995605469,0.004359208047389984,289.5872497558594,486.7126770019531,0.7648841142654419,337.6050109863281,481.9404602050781,0.04964987188577652,349.24395751953125,593.0640869140625,0.9976335763931274,394.7318420410156,567.0951538085938,0.9602266550064087,324.1299743652344,780.5667114257812,0.9973965883255005,389.5057067871094,734.7815551757812,0.31178730726242065,250.52203369140625,687.1781005859375,0.984454870223999,284.7763366699219,688.680419921875,0.41998985409736633,427.1075134277344,892.1748046875,0.9943227767944336,450.8641357421875,872.7211303710938,0.9868499040603638,330.00177001953125,1134.83203125,0.9979111552238464,372.46502685546875,1092.7379150390625,0.9962322115898132,380.3620910644531,1366.9407958984375,0.963921070098877,409.233642578125,1254.4473876953125,0.9883792400360107
180,266.6206359863281,485.04779052734375,0.16146673262119293,266.83056640625,465.75439453125,0.0939297005534172,276.9752197265625,463.4512939453125,0.0037170264404267073,300.7012023925781,454.0245666503906,0.6800748705863953,346.9486999511719,446.5005798339844,0.045183733105659485,350.9769287109375,565.179443359375,0.9975595474243164,406.8218078613281,541.1856079101562,0.942753255367279,333.63433837890625,746.9114379882812,0.9956772923469543,400.5135498046875,706.122314453125,0.09744078665971756,258.5338439941406,676.4155883789062,0.9383847713470459,306.5525817871094,686.4154663085938,0.062442488968372345,407.2159423828125,876.6876831054688,0.9937289953231812,454.7005920410156,859.3951416015625,0.9792248606681824,355.43792724609375,1117.9371337890625,0.9958662986755371,392.6757507324219,1078.307373046875,0.9895574450492859,383.3597412109375,1360.395263671875,0.9638136625289917,409.21185302734375,1262.412841796875,0.9837043881416321
181,280.15478515625,464.5563659667969,0.07769715040922165,277.3858947753906,446.3912658691406,0.04626739025115967,293.82373046875,441.5146179199219,0.0019403997575864196,302.9635009765625,437.5862731933594,0.7457947134971619,369.2436218261719,424.3865966796875,0.09094426780939102,355.29681396484375,550.9258422851562,0.9974602460861206,419.70074462890625,525.00927734375,0.9436789155006409,343.6539306640625,730.7821044921875,0.9963136315345764,398.75274658203125,693.576904296875,0.33793309330940247,259.44775390625,658.0729370117188,0.986839771270752,290.79327392578125,656.6952514648438,0.5707244277000427,399.1890563964844,861.8479614257812,0.9956265687942505,453.31207275390625,842.360595703125,0.9747406244277954,371.348388671875,1104.151123046875,0.99625164270401,399.7436218261719,1062.8863525390625,0.9692939519882202,388.96844482421875,1356.286865234375,0.978631854057312,395.86181640625,1261.438720703125,0.9634135961532593
182,282.346435546875,469.4532775878906,0.07602632790803909,279.8561706542969,450.6208190917969,0.06085219234228134,296.53912353515625,445.1708984375,0.0021111860405653715,311.5143127441406,435.2127380371094,0.77051842212677,374.24786376953125,421.18572998046875,0.07565880566835403,364.21063232421875,545.0956420898438,0.9974128603935242,424.875244140625,522.0311889648438,0.9218580722808838,351.6634521484375,733.9810791015625,0.9951128363609314,402.63519287109375,694.344970703125,0.15942659974098206,268.6533508300781,656.1614990234375,0.9799697995185852,298.5157470703125,654.0694580078125,0.24334323406219482,388.5848388671875,859.9796142578125,0.990098774433136,435.9420166015625,841.5623779296875,0.9217674136161804,379.8768005371094,1098.13330078125,0.9902024269104004,395.43231201171875,1060.802490234375,0.8707607984542847,400.0497741699219,1353.8946533203125,0.9753893613815308,400.8421936035156,1261.206787109375,0.9295083284378052
183,283.92547607421875,464.47174072265625,0.0733606219291687,280.4688415527344,444.3447570800781,0.06622271239757538,296.4933166503906,440.3227233886719,0.0017383825033903122,311.3459167480469,431.32562255859375,0.8232213854789734,374.2991943359375,421.11962890625,0.09819301217794418,368.31134033203125,548.4908447265625,0.9970966577529907,421.5101318359375,526.0931396484375,0.9032588005065918,358.5555114746094,729.2678833007812,0.9941580295562744,402.69677734375,684.755859375,0.07639466226100922,275.77044677734375,657.5438232421875,0.9865303039550781,307.6772766113281,652.1952514648438,0.19232437014579773,382.5077209472656,860.143310546875,0.9913911819458008,411.7925109863281,841.9842529296875,0.9084666967391968,392.2264099121094,1106.203857421875,0.995991051197052,376.4749755859375,1063.238525390625,0.9002321362495422,407.2867126464844,1357.1041259765625,0.9914048910140991,394.9867858886719,1231.2410888671875,0.966151773929596
184,272.44073486328125,467.71929931640625,0.11561480909585953,272.8391418457031,447.22698974609375,0.12650904059410095,286.1561584472656,443.644287109375,0.0028157909400761127,316.540771484375,433.2332763671875,0.807542622089386,367.6783752441406,421.69061279296875,0.06187322735786438,373.30902099609375,547.6250610351562,0.9974712133407593,415.3487854003906,524.6084594726562,0.8832047581672668,366.10498046875,729.5563354492188,0.9950814247131348,396.3078308105469,671.572509765625,0.05197955667972565,276.5763854980469,663.0623168945312,0.9864177703857422,308.7117919921875,643.9248046875,0.15234602987766266,374.0286865234375,864.03369140625,0.9919834733009338,401.2220764160156,845.7704467773438,0.9296886920928955,388.7398681640625,1109.580322265625,0.9950454235076904,367.9857482910156,1067.0430908203125,0.9429000020027161,405.7855529785156,1353.355712890625,0.9855254292488098,390.8038024902344,1227.9267578125,0.975963830947876
185,278.15338134765625,469.2082214355469,0.10118463635444641,276.8777770996094,449.1575622558594,0.08553574234247208,290.2923583984375,444.2170104980469,0.0021970877423882484,314.5533142089844,436.0602722167969,0.8238057494163513,366.1323547363281,423.6072998046875,0.08384162187576294,375.59344482421875,550.343505859375,0.9967317581176758,409.5411376953125,521.955810546875,0.8833387494087219,369.21490478515625,729.9334106445312,0.9932855367660522,386.70587158203125,664.003173828125,0.06876271963119507,279.08685302734375,663.9718017578125,0.980215847492218,300.75079345703125,643.2447509765625,0.24470260739326477,376.823486328125,869.2871704101562,0.9886355400085449,391.37469482421875,849.3646240234375,0.9238819479942322,387.8835144042969,1117.409912109375,0.9964925646781921,361.0433349609375,1072.8465576171875,0.970246434211731,402.169677734375,1359.9866943359375,0.9915731549263,386.6750793457031,1226.5672607421875,0.9899885058403015
186,277.00701904296875,464.77130126953125,0.1409994214773178,274.9455261230469,443.95794677734375,0.09833282232284546,287.9046325683594,441.87628173828125,0.002432071603834629,306.51055908203125,432.6343994140625,0.7814383506774902,359.0382080078125,426.03302001953125,0.06076112389564514,372.8459777832031,550.3629760742188,0.9974365830421448,397.7817077636719,527.8053588867188,0.9120697379112244,368.8486328125,729.4577026367188,0.9955130219459534,382.8888854980469,665.1041259765625,0.12051349878311157,276.7958068847656,665.1793823242188,0.9859828352928162,298.3642272949219,642.1766967773438,0.38042476773262024,374.8760070800781,866.7236328125,0.9914076924324036,387.87738037109375,849.1425170898438,0.9487797617912292,379.496337890625,1104.61865234375,0.9969866871833801,353.5158996582031,1063.4764404296875,0.979316771030426,400.28277587890625,1355.7176513671875,0.9898505210876465,381.06524658203125,1226.426025390625,0.9899773597717285
187,274.9704284667969,458.8579406738281,0.0633082240819931,272.1456604003906,440.291259765625,0.04400181025266647,287.5885009765625,434.1723327636719,0.0014441201929003,293.4316101074219,433.8822937011719,0.8201403021812439,358.9779357910156,418.4762878417969,0.13533589243888855,364.3981628417969,549.28271484375,0.9981184005737305,399.58831787109375,523.973388671875,0.9312202334403992,364.9656982421875,729.0617065429688,0.9961368441581726,382.2524719238281,662.9251098632812,0.14336048066616058,273.0074462890625,669.9193725585938,0.9897212386131287,291.8978576660156,649.1259765625,0.40157803893089294,371.0882263183594,868.2296142578125,0.993474543094635,401.8671569824219,847.7127075195312,0.9552374482154846,368.88201904296875,1107.1129150390625,0.9970149993896484,365.8554382324219,1067.036865234375,0.9717967510223389,396.852783203125,1355.7679443359375,0.9865010380744934,381.9874572753906,1230.8515625,0.9799315333366394
188,259.1611328125,470.6160583496094,0.16393378376960754,259.2621154785156,449.8876647949219,0.11675651371479034,268.7751159667969,446.9223937988281,0.0032045054249465466,296.74395751953125,435.84832763671875,0.7217730283737183,341.8289489746094,427.03302001953125,0.04532201588153839,361.24676513671875,551.0015869140625,0.9979721903800964,404.3849792480469,524.449462890625,0.9267151355743408,360.5072937011719,737.7196044921875,0.9972385168075562,396.2697448730469,686.7824096679688,0.10857749730348587,267.8036193847656,669.8619384765625,0.9904330968856812,300.6549377441406,657.23681640625,0.2151915282011032,375.76495361328125,871.2371826171875,0.994212806224823,416.8250732421875,852.0497436523438,0.9594619274139404,359.9151306152344,1112.415283203125,0.9957733750343323,382.4891357421875,1082.342529296875,0.9632551670074463,391.1579895019531,1360.1785888671875,0.9797454476356506,391.1328430175781,1273.041259765625,0.9649190902709961
189,247.6859130859375,480.93927001953125,0.16549091041088104,246.51287841796875,461.13519287109375,0.07991588115692139,256.0388488769531,458.22613525390625,0.002815712010487914,280.81488037109375,446.4927062988281,0.7021483182907104,328.3848571777344,439.4474182128906,0.05440229922533035,353.1768493652344,553.9465942382812,0.9981200098991394,391.61212158203125,532.279541015625,0.9472777843475342,353.30096435546875,740.9539794921875,0.9970569610595703,398.2805480957031,710.9371948242188,0.09394825994968414,259.5827331542969,673.7575073242188,0.9885292649269104,295.5399475097656,670.2957763671875,0.13507971167564392,386.88922119140625,875.408203125,0.9954877495765686,425.60870361328125,856.633056640625,0.9752938747406006,352.6867370605469,1118.667724609375,0.9975154399871826,387.464111328125,1079.1168212890625,0.9869264960289001,385.3817138671875,1360.5460205078125,0.9805984497070312,413.6167907714844,1272.7718505859375,0.9817464351654053
190,239.71495056152344,524.8267822265625,0.2618711292743683,236.59518432617188,501.985595703125,0.2071622610092163,244.45668029785156,501.0762939453125,0.005970408674329519,274.9833984375,470.97100830078125,0.8701034188270569,315.3033447265625,469.7665100097656,0.0848928913474083,345.53863525390625,569.74560546875,0.9983314871788025,389.43719482421875,545.1015625,0.9624682664871216,341.23016357421875,756.4779052734375,0.9967165589332581,387.0967102050781,718.236083984375,0.27687427401542664,247.70103454589844,691.4340209960938,0.9898295998573303,281.3351135253906,681.3338623046875,0.5482752919197083,403.3101806640625,883.5518798828125,0.992918074131012,440.99810791015625,864.8721313476562,0.977393388748169,339.4058532714844,1122.9775390625,0.9970621466636658,381.875,1088.320556640625,0.9926969408988953,383.3456115722656,1359.650634765625,0.9731141328811646,411.69622802734375,1258.141357421875,0.9861815571784973
191,221.14588928222656,550.447998046875,0.22016559541225433,219.517822265625,528.5664672851562,0.1738010197877884,228.02464294433594,525.8983764648438,0.005494168493896723,259.034423828125,507.6153869628906,0.8006860017776489,301.0406494140625,502.131103515625,0.06532520055770874,340.95611572265625,599.3941650390625,0.9976081848144531,368.7273254394531,577.2613525390625,0.9474382400512695,320.73883056640625,787.5545654296875,0.996891438961029,359.65301513671875,746.7955322265625,0.23838543891906738,235.3060302734375,704.40478515625,0.984353244304657,266.035888671875,701.3359985351562,0.30360129475593567,421.7156677246094,902.6375732421875,0.9917454123497009,441.437744140625,884.5108032226562,0.9668059945106506,322.7738952636719,1122.8779296875,0.997294008731842,361.7723083496094,1092.9078369140625,0.987636923789978,382.2684631347656,1367.476318359375,0.9699423909187317,408.5464172363281,1270.06689453125,0.9704269170761108
192,211.41310119628906,598.3598022460938,0.3976105749607086,210.7951202392578,574.8208618164062,0.39410609006881714,214.41146850585938,576.5240478515625,0.01622018776834011,255.34425354003906,551.683837890625,0.6860989928245544,279.23809814453125,555.4512939453125,0.026286013424396515,329.9230041503906,640.33154296875,0.9963892698287964,356.6800231933594,615.8678588867188,0.9487675428390503,301.1898193359375,822.8527221679688,0.998643696308136,338.4390869140625,774.6282348632812,0.625178337097168,218.4154052734375,731.056640625,0.9791402816772461,251.37112426757812,726.602294921875,0.6769433617591858,437.76885986328125,920.2193603515625,0.9946118593215942,430.5418395996094,895.2120361328125,0.9895205497741699,311.6524963378906,1134.6551513671875,0.9980661273002625,325.97320556640625,1058.1751708984375,0.9976317882537842,379.6800537109375,1378.2503662109375,0.9486982226371765,404.5283203125,1251.81591796875,0.9894043207168579
193,207.73526000976562,651.2025146484375,0.294811487197876,209.54611206054688,630.634033203125,0.23497425019741058,213.72781372070312,627.29833984375,0.01916664093732834,253.1075897216797,607.7061767578125,0.5364744067192078,278.0032653808594,600.1593627929688,0.043805502355098724,322.71185302734375,685.3656616210938,0.9955739974975586,346.6859436035156,661.341796875,0.965622067451477,281.6680603027344,867.3143310546875,0.998799204826355,313.4495849609375,833.8008422851562,0.6612197756767273,214.99227905273438,765.7604370117188,0.9773465991020203,238.28587341308594,766.5662231445312,0.5182909965515137,448.534912109375,957.63330078125,0.9954138994216919,440.90228271484375,926.3606567382812,0.99349045753479,299.9761962890625,1151.37060546875,0.9979943037033081,308.6518249511719,1036.9976806640625,0.9985264539718628,379.7026672363281,1385.80810546875,0.9196630120277405,396.8548583984375,1248.866455078125,0.9916682243347168
194,206.2327117919922,693.7894287109375,0.41215118765830994,212.2550048828125,673.93505859375,0.37745335698127747,209.4189453125,671.3547973632812,0.04618805646896362,259.1984558105469,657.3165283203125,0.5651717185974121,263.1255187988281,650.8336181640625,0.04026271402835846,317.53125,731.732421875,0.9949557185173035,328.6798095703125,710.801025390625,0.9616816639900208,262.6368408203125,907.9151000976562,0.9989653825759888,278.54669189453125,881.3046264648438,0.7605394721031189,211.37168884277344,794.3119506835938,0.9855772852897644,217.31642150878906,800.197998046875,0.7389121651649475,459.6676025390625,988.6991577148438,0.9953115582466125,439.1067199707031,956.9476318359375,0.9940061569213867,285.04034423828125,1166.50439453125,0.9976596832275391,298.7420959472656,1035.7799072265625,0.9986100196838379,380.23577880859375,1382.225341796875,0.9258977770805359,399.5351257324219,1238.11328125,0.9943603873252869
195,190.9073486328125,726.6282958984375,0.5072662234306335,196.15078735351562,706.1328125,0.5076297521591187,198.44825744628906,705.31591796875,0.05587560310959816,248.0281982421875,695.867431640625,0.5895348191261292,263.75714111328125,690.977294921875,0.033221714198589325,312.4120788574219,780.3826293945312,0.9955920577049255,328.28057861328125,755.5926513671875,0.97531658411026,253.72293090820312,947.7681274414062,0.9991162419319153,282.5109558105469,915.5549926757812,0.7719308733940125,201.78671264648438,837.5814208984375,0.9827054738998413,218.843017578125,841.1176147460938,0.5964093804359436,468.7913818359375,1027.250732421875,0.9955957531929016,448.2235107421875,991.830322265625,0.9950390458106995,279.3241882324219,1178.3038330078125,0.9969515800476074,288.52392578125,1033.1248779296875,0.9984118938446045,384.6202392578125,1379.1199951171875,0.9227235317230225,396.4570007324219,1229.435546875,0.9951500296592712
196,188.28497314453125,753.189453125,0.3644616901874542,194.70645141601562,733.996337890625,0.4176720082759857,197.20721435546875,731.23095703125,0.0432652123272419,246.8031768798828,729.5346069335938,0.5867249369621277,262.2421875,719.4376220703125,0.035172149538993835,315.095947265625,816.8781127929688,0.9941763877868652,316.6185607910156,784.443359375,0.9549699425697327,249.94406127929688,985.2736206054688,0.9987614154815674,267.53204345703125,943.0619506835938,0.6560307145118713,202.4611358642578,862.1692504882812,0.9790600538253784,212.1486053466797,864.6168823242188,0.4942419230937958,469.29010009765625,1062.3701171875,0.9954673051834106,443.5012512207031,1023.3416748046875,0.9928001165390015,269.30157470703125,1183.8350830078125,0.9964391589164734,283.97857666015625,1032.435546875,0.9969871640205383,384.1891174316406,1375.475341796875,0.947452187538147,392.43109130859375,1222.8876953125,0.9950960278511047
197,211.6831512451172,808.70263671875,0.2546916604042053,215.60153198242188,788.6751708984375,0.33814093470573425,217.41213989257812,788.0042724609375,0.06020260602235794,257.2333679199219,774.74072265625,0.543458878993988,271.91943359375,770.3274536132812,0.0903465747833252,313.2444763183594,852.62158203125,0.9944624304771423,328.7355651855469,825.4150390625,0.9610189199447632,245.32180786132812,1020.0119018554688,0.9987360835075378,279.49188232421875,959.3692626953125,0.6501927971839905,201.9422149658203,887.9083862304688,0.9817181825637817,222.97665405273438,892.48095703125,0.44983676075935364,460.973388671875,1093.5450439453125,0.9970605969429016,441.52239990234375,1055.100830078125,0.9938368201255798,257.0671081542969,1190.726806640625,0.9967389702796936,266.7694091796875,1034.5477294921875,0.9927787184715271,388.0472106933594,1368.6201171875,0.9669939875602722,367.93798828125,1203.00341796875,0.9924252033233643
198,213.3441162109375,804.2623291015625,0.2009667158126831,212.93272399902344,785.873046875,0.16693231463432312,231.040771484375,784.2984619140625,0.062265533953905106,215.54766845703125,788.5193481445312,0.49183690547943115,281.054443359375,778.4385986328125,0.2899031639099121,240.51202392578125,880.9776000976562,0.9274195432662964,309.61431884765625,850.5797729492188,0.958409309387207,223.2020721435547,1034.387451171875,0.3264297842979431,293.0543518066406,1023.3984375,0.1064077690243721,208.56454467773438,1123.9818115234375,0.27815237641334534,241.13648986816406,1135.2491455078125,0.10907601565122604,453.5321960449219,1111.1357421875,0.9935761094093323,463.3345642089844,1087.2559814453125,0.9895150661468506,250.4031982421875,1188.520263671875,0.9963119626045227,297.95458984375,1111.302734375,0.960379958152771,364.041259765625,1376.9150390625,0.9932231903076172,392.40704345703125,1240.7764892578125,0.9762344360351562
199,192.33692932128906,827.5572509765625,0.3876882791519165,198.47032165527344,807.3191528320312,0.47480082511901855,199.6669158935547,806.4494018554688,0.05300512909889221,249.6092071533203,800.66162109375,0.7306580543518066,265.0252990722656,795.3739013671875,0.055037569254636765,316.12646484375,894.6337280273438,0.9962019324302673,320.0211181640625,864.1741333007812,0.9635284543037415,246.00926208496094,1065.2357177734375,0.9984806180000305,274.8982238769531,1015.8843383789062,0.45562273263931274,202.56439208984375,933.9778442382812,0.9884160757064819,214.8601531982422,948.3504028320312,0.38542377948760986,453.8422546386719,1129.6715087890625,0.9945571422576904,428.7369384765625,1100.7752685546875,0.9790371060371399,244.67953491210938,1192.1256103515625,0.9948998093605042,251.75791931152344,1111.7020263671875,0.9545084834098816,375.370849609375,1383.89453125,0.9817821979522705,382.73388671875,1237.61376953125,0.9735667109489441
200,211.78204345703125,846.8963623046875,0.14998814463615417,210.12344360351562,826.0743408203125,0.08835344761610031,222.34158325195312,823.8892822265625,0.0415298193693161,215.26051330566406,821.8519287109375,0.29942676424980164,267.94317626953125,814.7640991210938,0.13964807987213135,259.58984375,919.0844116210938,0.8336909413337708,316.16265869140625,889.683837890625,0.9378617405891418,266.1695251464844,1087.2843017578125,0.2094743400812149,316.08251953125,1056.049560546875,0.09875985234975815,219.9227294921875,1157.852294921875,0.22385571897029877,256.171630859375,1157.3182373046875,0.08061826229095459,463.89678955078125,1142.2613525390625,0.9805185794830322,475.09759521484375,1117.2559814453125,0.9700770974159241,238.64340209960938,1190.5509033203125,0.9915634393692017,283.2512512207031,1116.2799072265625,0.8769301176071167,370.5691223144531,1380.3582763671875,0.989119291305542,387.911376953125,1259.8348388671875,0.9346862435340881
201,198.77549743652344,821.58447265625,0.237388476729393,202.55499267578125,803.3555297851562,0.253372460603714,209.10723876953125,798.5204467773438,0.018681762740015984,244.6794891357422,797.2578735351562,0.6728530526161194,278.2957763671875,783.9425659179688,0.05634072795510292,314.9438781738281,888.9743041992188,0.9954161643981934,334.5283203125,856.739013671875,0.9675117135047913,249.9878387451172,1055.7467041015625,0.9982932209968567,274.295166015625,1006.8053588867188,0.8410319089889526,206.10801696777344,926.5809936523438,0.9844716191291809,220.4034423828125,922.3526000976562,0.8399877548217773,448.5880432128906,1126.0223388671875,0.9934600591659546,437.66070556640625,1094.098388671875,0.9750409722328186,245.60699462890625,1191.9132080078125,0.9968359470367432,273.88067626953125,1101.50390625,0.9669891595840454,370.5691223144531,1381.9456787109375,0.9864844679832458,389.635009765625,1234.8599853515625,0.9754971265792847
202,229.9031982421875,812.797119140625,0.1425217092037201,233.75640869140625,793.6298217773438,0.13169603049755096,236.89224243164062,792.6773071289062,0.025093568488955498,266.7744445800781,782.0584716796875,0.5026344656944275,289.4516296386719,777.4033813476562,0.12484005093574524,316.0417175292969,864.0424194335938,0.9943084120750427,338.27081298828125,842.4282836914062,0.9715187549591064,258.49737548828125,1033.5211181640625,0.9980224370956421,284.8818664550781,999.40185546875,0.7078418731689453,211.00946044921875,907.5772705078125,0.9812048673629761,219.5789031982422,913.9976196289062,0.577224612236023,451.8646240234375,1096.6043701171875,0.9956232905387878,441.51190185546875,1067.6917724609375,0.9845625758171082,252.56195068359375,1193.1676025390625,0.9970589876174927,276.7184143066406,1088.2001953125,0.9688732028007507,372.6015319824219,1376.590087890625,0.987770676612854,382.252685546875,1216.238037109375,0.9814070463180542
203,213.34420776367188,752.5372314453125,0.23009225726127625,215.2821044921875,735.3241577148438,0.23828527331352234,226.87945556640625,732.3180541992188,0.030063919723033905,254.81124877929688,732.24853515625,0.46876657009124756,299.40216064453125,721.02978515625,0.06773655116558075,316.46282958984375,825.459716796875,0.9938163757324219,347.69488525390625,797.2744750976562,0.9598159193992615,266.3885192871094,991.2977294921875,0.9985468983650208,296.29083251953125,960.72705078125,0.64312344789505,211.95263671875,874.396728515625,0.9868714809417725,227.42677307128906,882.6148071289062,0.5954856276512146,450.29931640625,1075.348876953125,0.9969082474708557,443.5381774902344,1033.664306640625,0.9933692812919617,256.6014099121094,1190.453369140625,0.9967828989028931,276.423583984375,1025.17626953125,0.9947025179862976,384.3893127441406,1372.353271484375,0.9504720568656921,375.15191650390625,1209.8924560546875,0.9919272661209106
204,224.2470245361328,708.0222778320312,0.20772089064121246,223.30941772460938,688.4873046875,0.15352454781532288,234.65782165527344,685.826171875,0.015258541330695152,253.30128479003906,680.6914672851562,0.5868791937828064,299.41278076171875,673.0570678710938,0.08544617146253586,326.062744140625,776.1395874023438,0.9968089461326599,343.11676025390625,755.213134765625,0.9780600666999817,274.0521240234375,942.8051147460938,0.9988071918487549,310.48883056640625,910.1052856445312,0.5947667360305786,217.36184692382812,834.489501953125,0.9858915209770203,239.91505432128906,845.9495849609375,0.4603855609893799,446.27783203125,1032.9188232421875,0.9967414736747742,431.503662109375,997.2879028320312,0.9959243535995483,265.0707092285156,1183.595703125,0.9968547821044922,287.5794372558594,1037.8824462890625,0.9984891414642334,380.8255615234375,1373.894775390625,0.9124870300292969,394.3127746582031,1234.764892578125,0.9953565001487732
205,217.843017578125,648.5752563476562,0.3724886476993561,219.23890686035156,628.47705078125,0.3394007086753845,228.9263458251953,627.5712890625,0.01680651493370533,262.9910888671875,622.244873046875,0.7218833565711975,302.95721435546875,616.9913330078125,0.0404164120554924,332.4649963378906,726.2921142578125,0.9968282580375671,351.7215576171875,697.896240234375,0.9771455526351929,292.8749694824219,901.474853515625,0.9985746145248413,321.896240234375,858.1312255859375,0.6895080804824829,225.3923797607422,800.9548950195312,0.9839407801628113,250.95541381835938,798.3414916992188,0.7024579048156738,444.2218017578125,993.5298461914062,0.9964553117752075,427.8509521484375,958.65673828125,0.9955033659934998,274.9617614746094,1173.885498046875,0.9973403811454773,295.2662658691406,1040.5496826171875,0.9986791014671326,380.1996765136719,1379.8896484375,0.8773180246353149,393.16412353515625,1245.1884765625,0.9922096729278564
206,235.60720825195312,598.6027221679688,0.35849615931510925,239.9306640625,577.2686767578125,0.35976001620292664,243.48886108398438,577.1829833984375,0.01623666286468506,288.37225341796875,569.3134765625,0.7641972303390503,307.5199890136719,566.133056640625,0.029680799692869186,343.9908142089844,671.8251953125,0.9959396123886108,362.7809143066406,648.5755004882812,0.9596615433692932,308.54193115234375,854.1970825195312,0.9982379674911499,346.3011169433594,810.216796875,0.6623452305793762,229.76986694335938,760.6072387695312,0.9761192798614502,263.1622009277344,757.9322509765625,0.7727676033973694,434.840087890625,959.8766479492188,0.9952055215835571,427.5118408203125,929.5031127929688,0.9927156567573547,289.1795654296875,1160.37646484375,0.9974709749221802,301.79669189453125,1039.54833984375,0.998315691947937,385.26910400390625,1382.889404296875,0.8949432969093323,395.7843933105469,1244.656494140625,0.9910936951637268
207,246.52671813964844,556.3406982421875,0.10615406930446625,245.73419189453125,534.98291015625,0.07699856162071228,258.0562744140625,533.3953857421875,0.0039000618271529675,279.3048095703125,524.834716796875,0.6920106410980225,331.39898681640625,518.8729248046875,0.09547204524278641,347.05242919921875,629.22705078125,0.9962188601493835,377.86639404296875,609.1182250976562,0.9635821580886841,329.6095275878906,811.1075439453125,0.9970043301582336,365.1297302246094,768.0309448242188,0.6053664088249207,238.71859741210938,734.6152954101562,0.9816122651100159,286.0426025390625,732.1162719726562,0.7815149426460266,426.98187255859375,916.43115234375,0.9943444728851318,425.626953125,891.4807739257812,0.9904894828796387,310.3067321777344,1142.9613037109375,0.9977953433990479,321.1353454589844,1056.72265625,0.998021125793457,383.13836669921875,1379.34619140625,0.932488739490509,400.14447021484375,1255.299072265625,0.9901982545852661
208,265.40838623046875,518.9891357421875,0.10165193676948547,264.6025390625,496.81829833984375,0.0686989426612854,273.8506164550781,495.93890380859375,0.003866903018206358,295.0288391113281,484.23602294921875,0.6398252248764038,340.51177978515625,480.3287353515625,0.08485136926174164,358.40472412109375,591.591796875,0.9944947361946106,389.6448669433594,572.3709716796875,0.91664719581604,348.2831726074219,774.548583984375,0.9931828379631042,372.6496276855469,722.0889282226562,0.21621888875961304,254.17987060546875,712.1048583984375,0.9851443767547607,286.1686096191406,692.3851928710938,0.2995157241821289,410.6069641113281,900.39501953125,0.9898903369903564,436.27691650390625,881.6945190429688,0.9635631442070007,322.8945007324219,1129.0323486328125,0.9963893890380859,374.280517578125,1085.061767578125,0.9865906238555908,379.42230224609375,1369.0274658203125,0.9609975218772888,410.69683837890625,1260.890380859375,0.9712490439414978
209,269.97808837890625,478.010009765625,0.1042189970612526,266.8413391113281,456.9062194824219,0.07479483634233475,279.32940673828125,454.3124084472656,0.0023371742572635412,293.94854736328125,447.08306884765625,0.6852100491523743,349.4702453613281,440.29046630859375,0.060380738228559494,363.4619140625,560.6796875,0.9941042065620422,404.0372619628906,537.729248046875,0.8521931767463684,362.7455139160156,742.547607421875,0.9944912195205688,404.34442138671875,703.4034423828125,0.1905265748500824,269.5543212890625,696.0098266601562,0.9916547536849976,314.0932922363281,683.495361328125,0.2723703384399414,405.193359375,880.9326782226562,0.984563946723938,441.9840087890625,862.2611083984375,0.9089617729187012,357.95355224609375,1120.5826416015625,0.9944472312927246,386.23260498046875,1088.0234375,0.9603585600852966,381.4114685058594,1368.0987548828125,0.9746313095092773,409.673583984375,1289.0751953125,0.9577199816703796
210,273.5242004394531,466.93267822265625,0.08149363845586777,272.93267822265625,446.7590637207031,0.04727201536297798,286.57586669921875,444.7596130371094,0.0017676836578175426,307.5462341308594,435.89190673828125,0.6484131813049316,362.1244201660156,427.88226318359375,0.05991523340344429,367.47747802734375,544.2142944335938,0.9964123368263245,406.3801574707031,521.4451904296875,0.9056271910667419,374.8936767578125,726.27734375,0.9957836866378784,393.65399169921875,671.8006591796875,0.2503833770751953,277.548828125,684.8125,0.9843682646751404,299.9281921386719,655.554443359375,0.4488452970981598,395.9834899902344,857.6174926757812,0.9918093085289001,432.7537536621094,839.677978515625,0.9430021047592163,369.1706237792969,1102.62744140625,0.9957667589187622,388.1146545410156,1061.0198974609375,0.9517211318016052,388.8973388671875,1355.939697265625,0.9857581853866577,390.3923645019531,1249.119140625,0.9689673185348511
211,271.0107116699219,465.7414855957031,0.12404447793960571,272.115966796875,444.57305908203125,0.11711510270833969,284.9696350097656,442.816162109375,0.002862911205738783,318.02032470703125,432.022705078125,0.8296970725059509,368.3336181640625,423.57568359375,0.0805584266781807,378.6903076171875,543.3958129882812,0.9979259967803955,412.9693603515625,523.2484130859375,0.9360434412956238,387.08624267578125,722.9404907226562,0.9952935576438904,398.28314208984375,671.0380859375,0.14182282984256744,281.9430236816406,680.8480224609375,0.9822923541069031,308.1566467285156,652.709716796875,0.31248533725738525,390.23687744140625,858.8195190429688,0.9910446405410767,425.92047119140625,842.6875,0.9279308319091797,384.14471435546875,1100.956298828125,0.9941653609275818,392.885986328125,1061.768798828125,0.9266874194145203,400.5599060058594,1358.444091796875,0.9848047494888306,395.16229248046875,1253.0262451171875,0.9643086791038513
212,283.83941650390625,461.76904296875,0.09718327224254608,283.99737548828125,440.58941650390625,0.09896297007799149,298.1035461425781,438.95281982421875,0.002116991439834237,323.5955810546875,430.1466979980469,0.8717546463012695,377.0428771972656,422.14569091796875,0.09279356896877289,385.4267272949219,544.302978515625,0.9980505704879761,404.7427978515625,525.654296875,0.9186081290245056,392.1715393066406,724.35888671875,0.9942308664321899,388.510986328125,677.0429077148438,0.060718607157468796,282.9617919921875,683.5634155273438,0.9769644141197205,301.651611328125,664.8844604492188,0.13547365367412567,386.0113525390625,857.7255859375,0.9886293411254883,402.5692138671875,842.2791748046875,0.9139968156814575,390.0028991699219,1105.5306396484375,0.9946198463439941,376.9548645019531,1064.5838623046875,0.9514022469520569,408.03265380859375,1353.090576171875,0.9837877750396729,391.65948486328125,1232.04638671875,0.9784825444221497
213,277.71527099609375,470.14923095703125,0.08983241021633148,277.98870849609375,448.815185546875,0.07903143018484116,292.2876892089844,447.163330078125,0.002351518487557769,321.97344970703125,435.35223388671875,0.8052350878715515,373.5672607421875,427.4640808105469,0.10119365900754929,388.5692138671875,543.81201171875,0.9976420998573303,403.1178283691406,526.8986206054688,0.9134130477905273,395.513916015625,725.6151733398438,0.9949172735214233,385.86907958984375,676.824462890625,0.06905331462621689,283.0199279785156,681.5709838867188,0.980402946472168,302.67840576171875,660.6491088867188,0.15392020344734192,384.68438720703125,861.1787109375,0.9877148866653442,396.6715393066406,845.6058349609375,0.921868622303009,393.0388488769531,1108.7169189453125,0.9946795105934143,368.4122314453125,1067.2703857421875,0.9673182368278503,406.5241394042969,1349.5098876953125,0.9847443699836731,391.49969482421875,1230.01416015625,0.9857518076896667
214,277.8338928222656,466.6521911621094,0.08179444819688797,276.7395324707031,445.10186767578125,0.08384521305561066,292.8799133300781,443.572509765625,0.002512581879273057,316.3921813964844,434.12213134765625,0.8650164008140564,375.8408508300781,426.58349609375,0.15705306828022003,386.9737548828125,546.3346557617188,0.9977847933769226,404.8984069824219,529.554443359375,0.9196352362632751,393.2349853515625,725.7467041015625,0.9947888851165771,393.2168884277344,680.366455078125,0.07146460562944412,284.6112060546875,679.542724609375,0.9856367111206055,303.78668212890625,660.606201171875,0.20931166410446167,387.58416748046875,862.546142578125,0.9888389706611633,401.1902160644531,846.5296630859375,0.9313448071479797,390.84942626953125,1108.6114501953125,0.9948467016220093,366.0855712890625,1066.5701904296875,0.9708922505378723,405.41778564453125,1354.9801025390625,0.9844798445701599,386.841796875,1234.743408203125,0.9867697954177856
215,280.7779235839844,468.44085693359375,0.09047193825244904,279.7706298828125,447.10626220703125,0.0710098072886467,293.5412902832031,445.2772521972656,0.0026011988520622253,315.8701171875,433.81488037109375,0.8040989637374878,369.6208190917969,426.5285949707031,0.1305830031633377,384.5479736328125,545.8866577148438,0.9978050589561462,403.0523986816406,528.1980590820312,0.9333828091621399,387.93017578125,729.462646484375,0.9951677322387695,386.4819641113281,675.849853515625,0.1286603808403015,280.7225646972656,674.120361328125,0.9866176247596741,300.41766357421875,651.3612060546875,0.3682703673839569,385.8757629394531,865.1332397460938,0.989960789680481,402.5428161621094,849.5220336914062,0.943549633026123,388.5966796875,1113.1044921875,0.9956762194633484,367.3172302246094,1077.1458740234375,0.9734451174736023,404.2493896484375,1358.0869140625,0.9849125742912292,388.1378479003906,1241.0784912109375,0.9840277433395386
216,271.6633605957031,471.479736328125,0.11982734501361847,270.6424255371094,451.7048645019531,0.08640428632497787,283.70758056640625,448.4345703125,0.002720750868320465,306.7408142089844,440.0655822753906,0.759216845035553,360.3475341796875,430.2463073730469,0.07807502150535583,376.6341552734375,547.9171142578125,0.997590184211731,404.61273193359375,526.938720703125,0.9125798344612122,377.3714599609375,733.0623779296875,0.9961575865745544,393.04388427734375,687.0452880859375,0.05785410478711128,280.19793701171875,674.8851318359375,0.9890116453170776,302.401123046875,662.43701171875,0.13930319249629974,392.8504333496094,867.3040771484375,0.9902735352516174,417.1212158203125,848.6629028320312,0.9382527470588684,383.378173828125,1111.3704833984375,0.9957504272460938,365.0845031738281,1068.3153076171875,0.9699249267578125,399.78704833984375,1360.461181640625,0.9842724800109863,386.896728515625,1232.58056640625,0.9838129281997681
217,270.799560546875,478.5028991699219,0.07305669039487839,270.91009521484375,458.6125183105469,0.03776228055357933,281.887939453125,455.1337890625,0.0027173166163265705,306.124755859375,446.58721923828125,0.5623031258583069,356.3033447265625,436.1783142089844,0.1104753240942955,372.2063293457031,555.151611328125,0.9972633123397827,409.9681396484375,532.571533203125,0.9276992082595825,368.320556640625,742.18896484375,0.9973276853561401,400.3567199707031,700.6146850585938,0.17769575119018555,269.1773376464844,669.9166870117188,0.9906851649284363,304.22515869140625,661.124267578125,0.44896167516708374,396.77813720703125,877.9124755859375,0.9940097332000732,436.6017150878906,859.2914428710938,0.9635074734687805,369.885986328125,1118.2481689453125,0.9960840940475464,383.3027648925781,1085.2567138671875,0.9679994583129883,389.1435241699219,1367.390625,0.9810736179351807,397.5035705566406,1261.9462890625,0.9688454866409302
218,261.30078125,521.5914916992188,0.11603450775146484,259.7413024902344,500.6815185546875,0.08579885214567184,271.5157775878906,496.0378723144531,0.0029871019069105387,298.81243896484375,478.39874267578125,0.743979811668396,349.5020751953125,467.5879211425781,0.07777535170316696,367.17535400390625,567.478759765625,0.997896671295166,408.52764892578125,548.2567749023438,0.9391756653785706,351.70428466796875,750.92431640625,0.9978135824203491,394.5013427734375,716.9749755859375,0.1835324466228485,261.14007568359375,675.82958984375,0.9899847507476807,296.349365234375,671.5599365234375,0.31084325909614563,408.0794677734375,889.0953979492188,0.9933264255523682,440.7292785644531,872.9531860351562,0.9524813294410706,358.7812805175781,1133.242431640625,0.9965156316757202,372.0844421386719,1107.2847900390625,0.9575978517532349,387.9931335449219,1373.6748046875,0.9700820446014404,394.62457275390625,1302.45556640625,0.9158235788345337
219,261.6268005371094,536.02587890625,0.10494700074195862,259.1268615722656,513.7530517578125,0.1018126904964447,270.7998046875,511.07891845703125,0.004070411901921034,289.501708984375,498.48101806640625,0.7408945560455322,342.10931396484375,492.1766357421875,0.09094785153865814,364.51983642578125,592.6173095703125,0.9953824877738953,390.51416015625,575.8516235351562,0.9177560806274414,338.51324462890625,778.247314453125,0.9952852129936218,369.4466247558594,748.7908935546875,0.2282458394765854,255.91439819335938,697.9080200195312,0.9853156805038452,284.41351318359375,697.5789794921875,0.26644209027290344,425.9358825683594,902.15283203125,0.991240918636322,430.71044921875,882.5969848632812,0.9652179479598999,332.76165771484375,1132.677001953125,0.9976226687431335,346.9861145019531,1084.2406005859375,0.9897671341896057,386.9937744140625,1373.844482421875,0.963615894317627,409.5919189453125,1262.8726806640625,0.9714269638061523
220,242.472412109375,565.7332763671875,0.19395342469215393,241.0576171875,544.4008178710938,0.15476953983306885,250.04171752929688,543.0384521484375,0.004996136296540499,276.6448974609375,532.2076416015625,0.7452329397201538,317.6197814941406,528.6333618164062,0.04124392941594124,356.12237548828125,631.36767578125,0.9969539642333984,372.36029052734375,606.6588745117188,0.9550209641456604,325.9063720703125,813.6134033203125,0.9976217150688171,362.6697082519531,765.37255859375,0.3847637176513672,244.20921325683594,723.6109619140625,0.9817829728126526,286.0016784667969,718.71044921875,0.3916202783584595,434.95428466796875,919.2669067382812,0.9950340986251831,424.53729248046875,891.2621459960938,0.9897661805152893,317.52337646484375,1136.158203125,0.9979290962219238,317.6705322265625,1046.0904541015625,0.9977619647979736,383.13873291015625,1378.8577880859375,0.9356077909469604,403.1963806152344,1244.4288330078125,0.9906241297721863
221,240.8233642578125,625.7228393554688,0.3695904612541199,242.5208282470703,605.5907592773438,0.3055614233016968,245.67538452148438,603.4007568359375,0.0127343088388443,287.607421875,585.3169555664062,0.7072007656097412,306.52703857421875,580.580078125,0.023792346939444542,353.0760803222656,673.39599609375,0.9955254197120667,372.1357727050781,644.642822265625,0.9502096176147461,311.1296081542969,857.694580078125,0.9980092644691467,358.24664306640625,811.8088989257812,0.5634101629257202,238.86656188964844,758.9537963867188,0.9773120880126953,277.27313232421875,754.7322998046875,0.6555318832397461,440.67474365234375,958.335693359375,0.9949318766593933,430.2458190917969,925.0435791015625,0.9929431080818176,301.8472900390625,1151.8734130859375,0.9976298809051514,302.3975830078125,1035.431884765625,0.9988389611244202,382.27996826171875,1376.9913330078125,0.9111723303794861,401.78094482421875,1241.4151611328125,0.994278073310852
222,236.1713104248047,672.5457153320312,0.25466403365135193,238.69447326660156,653.5202026367188,0.22929933667182922,244.36012268066406,649.1109619140625,0.013362400233745575,283.71673583984375,637.3706665039062,0.6565390229225159,309.9036865234375,626.3934326171875,0.040420737117528915,344.56793212890625,726.1165161132812,0.9961279034614563,369.3360595703125,694.7529907226562,0.9627575874328613,298.287109375,900.5369873046875,0.9985520243644714,330.8250427246094,856.1660766601562,0.5782946348190308,232.04144287109375,798.8629150390625,0.9785100221633911,262.7867431640625,798.2837524414062,0.521960437297821,449.29620361328125,995.7708740234375,0.995694637298584,439.1243896484375,959.6514282226562,0.9935412406921387,281.9824523925781,1165.057861328125,0.997860848903656,294.2810974121094,1038.1851806640625,0.9985778331756592,384.4222412109375,1377.19091796875,0.9246777296066284,395.7746887207031,1234.0665283203125,0.9940298795700073
223,228.8831024169922,716.049072265625,0.42258206009864807,231.44711303710938,697.1555786132812,0.4275771975517273,238.36721801757812,695.4046630859375,0.04174692556262016,276.1685791015625,684.4448852539062,0.6814470887184143,304.3671875,678.1820678710938,0.06342951208353043,339.3418273925781,764.056640625,0.9959229230880737,358.8734436035156,745.240478515625,0.9771494269371033,286.530517578125,946.47119140625,0.9988493919372559,322.71533203125,906.142333984375,0.8112570643424988,224.2460174560547,848.81005859375,0.9867483377456665,248.11700439453125,843.203369140625,0.804195761680603,457.51251220703125,1028.8746337890625,0.9956722259521484,442.01123046875,995.0906372070312,0.9949211478233337,277.3685302734375,1177.9993896484375,0.9972705245018005,287.2791748046875,1035.95263671875,0.9985632300376892,386.6014099121094,1376.1002197265625,0.9220999479293823,398.2048645019531,1235.132080078125,0.9947890043258667
224,225.66006469726562,757.3165893554688,0.3513789176940918,228.6893768310547,737.9236450195312,0.3736974000930786,233.96336364746094,736.6381225585938,0.04348352551460266,273.4736022949219,724.5899047851562,0.5566386580467224,297.3155212402344,719.0195922851562,0.04541705921292305,332.6413879394531,805.7904052734375,0.9944362640380859,354.0946350097656,781.73095703125,0.957185685634613,277.53326416015625,988.1077880859375,0.9988586902618408,315.7176208496094,954.49609375,0.5950453281402588,220.3734893798828,877.8015747070312,0.9883068203926086,242.82147216796875,882.9581909179688,0.5129460692405701,454.88092041015625,1062.594482421875,0.9965823292732239,443.4821472167969,1024.1951904296875,0.9934472441673279,262.1044006347656,1184.32568359375,0.9970979690551758,282.7053527832031,1028.481689453125,0.9965417981147766,389.3650207519531,1370.9044189453125,0.9579137563705444,386.20361328125,1217.9146728515625,0.994941234588623
225,230.67356872558594,791.3275146484375,0.17132620513439178,238.3633575439453,772.5276489257812,0.2178996354341507,239.16563415527344,769.7724609375,0.046804871410131454,285.75836181640625,763.6574096679688,0.6058427691459656,296.291748046875,753.109619140625,0.17669761180877686,329.92633056640625,845.4322509765625,0.9935280680656433,353.37457275390625,812.9896240234375,0.9748287200927734,274.2909851074219,1029.40234375,0.9977068901062012,315.1990966796875,968.1349487304688,0.8514906167984009,214.46971130371094,905.3657836914062,0.9878464341163635,243.8207244873047,898.5596313476562,0.8737567067146301,457.2816162109375,1091.4794921875,0.9952072501182556,447.93994140625,1054.148193359375,0.9913429021835327,255.2084503173828,1189.168701171875,0.9958139061927795,272.5963134765625,1060.18408203125,0.9889891743659973,379.24676513671875,1372.5526123046875,0.9777372479438782,382.81719970703125,1202.111083984375,0.9914085268974304
226,213.07115173339844,819.4690551757812,0.23985370993614197,218.2678680419922,800.1963500976562,0.21722690761089325,219.51980590820312,797.25927734375,0.021180417388677597,262.5081481933594,784.4088134765625,0.6312223672866821,276.295654296875,776.1392822265625,0.061109259724617004,322.67108154296875,869.6038818359375,0.995566189289093,334.32073974609375,839.99462890625,0.972046971321106,265.8211364746094,1049.849609375,0.9976824522018433,294.6595764160156,1002.658935546875,0.6751659512519836,216.71604919433594,923.8572998046875,0.9871205687522888,231.66751098632812,925.2551879882812,0.6071928143501282,456.71722412109375,1108.9892578125,0.9943389296531677,440.4881591796875,1079.9017333984375,0.9813131093978882,252.9480743408203,1187.2630615234375,0.9960629343986511,275.2330627441406,1103.54541015625,0.9678097367286682,370.76983642578125,1374.6998291015625,0.9884241223335266,395.348388671875,1224.5892333984375,0.9839916825294495
227,205.26638793945312,818.354736328125,0.25181254744529724,209.0629425048828,801.1480712890625,0.21717619895935059,217.00701904296875,796.420654296875,0.01431436650454998,251.12464904785156,795.3584594726562,0.6235150694847107,286.3006896972656,781.6856689453125,0.05212677642703056,319.01226806640625,889.7052001953125,0.9956952333450317,340.05615234375,855.515380859375,0.9754181504249573,258.2178039550781,1069.501708984375,0.9981330037117004,296.3886413574219,1013.006103515625,0.8935725688934326,210.36044311523438,947.3605346679688,0.9905601143836975,232.8811492919922,938.2759399414062,0.9251497983932495,453.9354248046875,1125.7843017578125,0.9911585450172424,443.93487548828125,1095.1436767578125,0.9745779037475586,249.09283447265625,1192.8582763671875,0.9957801103591919,266.7587585449219,1113.7076416015625,0.9699586629867554,369.583740234375,1379.40087890625,0.9854078888893127,397.66180419921875,1229.4931640625,0.9795661568641663
228,200.6420440673828,825.304443359375,0.32674163579940796,207.60121154785156,806.1697387695312,0.29442164301872253,208.28726196289062,803.6033325195312,0.027837427332997322,255.53921508789062,799.7225341796875,0.5936777591705322,268.9991455078125,791.0023193359375,0.040663160383701324,319.4233093261719,895.6505126953125,0.9946091175079346,328.6826477050781,862.8536987304688,0.9657227993011475,255.72557067871094,1076.448486328125,0.9982549548149109,289.9739074707031,1025.9188232421875,0.849938154220581,211.23553466796875,949.1571655273438,0.9921355247497559,228.70172119140625,945.4144287109375,0.9085667729377747,457.5373840332031,1130.2672119140625,0.9907641410827637,437.5650634765625,1101.47802734375,0.9706563353538513,248.62225341796875,1193.6993408203125,0.9953784942626953,254.4416961669922,1122.674072265625,0.9579631090164185,369.6050720214844,1382.4403076171875,0.9850262999534607,393.6070861816406,1234.310791015625,0.9718629717826843
229,205.64157104492188,817.4156494140625,0.25587525963783264,211.2838134765625,799.6148681640625,0.21298719942569733,215.45077514648438,795.7291870117188,0.01740952394902706,255.7849578857422,794.3372802734375,0.5766223073005676,279.08905029296875,782.76513671875,0.0448496975004673,320.66168212890625,888.16455078125,0.9953763484954834,334.3826599121094,857.861328125,0.9689232707023621,260.7670593261719,1067.95361328125,0.9981619715690613,292.5909729003906,1018.5986328125,0.8102520108222961,211.27471923828125,942.4649047851562,0.9906495213508606,229.72653198242188,938.205810546875,0.8470624685287476,451.8058776855469,1125.5736083984375,0.9913596510887146,437.043701171875,1096.335205078125,0.9728208780288696,247.84263610839844,1194.394775390625,0.9953461289405823,257.5150146484375,1115.908935546875,0.9639988541603088,367.51495361328125,1380.9111328125,0.983323872089386,394.524658203125,1230.171142578125,0.9765347242355347
230,219.69659423828125,808.3956298828125,0.37967419624328613,227.2281951904297,788.5779418945312,0.3103208839893341,223.6530303955078,787.9306640625,0.03936907276511192,271.92889404296875,777.74853515625,0.583224892616272,273.8353271484375,773.9676513671875,0.04717884957790375,322.6417236328125,868.1071166992188,0.995554506778717,334.8564453125,838.6815795898438,0.9738849997520447,267.7244567871094,1049.1878662109375,0.9980050921440125,303.3809509277344,992.8843383789062,0.5503554940223694,218.90164184570312,919.05615234375,0.9874535799026489,239.51014709472656,920.8460083007812,0.418852299451828,454.3704833984375,1105.370849609375,0.9945289492607117,440.5946350097656,1077.3350830078125,0.9815187454223633,249.1067657470703,1191.275146484375,0.9961081147193909,272.076904296875,1109.2568359375,0.9613447785377502,367.9851379394531,1375.38330078125,0.9903891682624817,395.11590576171875,1226.262451171875,0.9842560887336731
231,225.57798767089844,752.8522338867188,0.3750677704811096,231.41458129882812,735.30029296875,0.4383723735809326,238.1805419921875,735.0853271484375,0.056465994566679,277.5761413574219,735.472900390625,0.7569649815559387,308.02093505859375,729.0481567382812,0.11667764186859131,328.71197509765625,829.5761108398438,0.9961624145507812,348.7592468261719,805.86669921875,0.9817821979522705,274.45819091796875,1005.8240356445312,0.9982118606567383,325.8915710449219,965.08349609375,0.5884718298912048,216.62550354003906,889.60888671875,0.9927504062652588,253.51882934570312,891.112548828125,0.5421410202980042,448.55706787109375,1081.759033203125,0.9963570237159729,440.70330810546875,1050.309326171875,0.9909428954124451,250.11622619628906,1187.8538818359375,0.9953597187995911,277.8799133300781,1069.404296875,0.9833710193634033,378.10284423828125,1373.7379150390625,0.973569393157959,385.4515686035156,1210.4132080078125,0.9882450103759766
232,241.6124725341797,712.3222045898438,0.30598512291908264,241.3779754638672,694.3424072265625,0.28466686606407166,250.91114807128906,691.556640625,0.014215507544577122,270.2350158691406,691.1422729492188,0.8098084330558777,310.66033935546875,683.6783447265625,0.051209017634391785,335.07904052734375,787.18798828125,0.9969950914382935,351.0575866699219,764.8694458007812,0.976378321647644,281.54791259765625,957.9227905273438,0.9988252520561218,314.8644104003906,916.6256103515625,0.750296950340271,227.23843383789062,851.9589233398438,0.9889187216758728,249.45884704589844,847.9964599609375,0.7372608780860901,446.109130859375,1051.056884765625,0.9967407584190369,432.5104064941406,1015.1978759765625,0.9942281246185303,262.8144226074219,1189.1641845703125,0.9981929659843445,283.8578186035156,1035.8280029296875,0.998171329498291,382.5233459472656,1371.3135986328125,0.9490006566047668,392.1259765625,1227.0252685546875,0.9950380921363831
233,235.80691528320312,667.7433471679688,0.15146362781524658,236.4298095703125,649.651123046875,0.10848596692085266,249.0060577392578,645.427001953125,0.010886347852647305,267.55572509765625,646.4718017578125,0.5486246347427368,318.50341796875,634.2346801757812,0.10632143169641495,336.4340515136719,740.9354858398438,0.99615877866745,359.95989990234375,720.218017578125,0.9787024259567261,295.92352294921875,913.9108276367188,0.9985287189483643,320.71063232421875,878.8203735351562,0.9015877842903137,230.54559326171875,814.535888671875,0.9759342670440674,250.7086639404297,808.76416015625,0.9339898228645325,445.1814880371094,1009.1229858398438,0.9952263832092285,437.5119323730469,974.96533203125,0.9951540231704712,273.4978332519531,1176.6405029296875,0.9971707463264465,291.6627197265625,1038.9346923828125,0.9988977909088135,384.94866943359375,1377.5079345703125,0.9022052884101868,394.4817199707031,1239.6690673828125,0.9946821331977844
234,247.5384063720703,621.7719116210938,0.19278356432914734,250.26077270507812,600.898681640625,0.17086650431156158,256.43817138671875,599.287841796875,0.009630263783037663,295.50872802734375,585.3663940429688,0.5994024872779846,321.42694091796875,579.638427734375,0.03993924334645271,350.3922119140625,681.4386596679688,0.9952736496925354,374.2626647949219,658.834228515625,0.9472396969795227,315.50677490234375,865.149169921875,0.9982269406318665,346.8301086425781,826.832763671875,0.3793693780899048,240.1944580078125,771.537353515625,0.9809870719909668,268.4840087890625,771.15673828125,0.3257180452346802,440.58636474609375,967.9703979492188,0.9967015385627747,432.93450927734375,935.84423828125,0.9932257533073425,286.6521911621094,1165.00830078125,0.998036801815033,301.8240966796875,1037.312744140625,0.9980024695396423,385.7972717285156,1385.0626220703125,0.8846319913864136,394.3229675292969,1252.834716796875,0.9867897629737854
235,264.1134033203125,561.5872802734375,0.05692417174577713,262.5924072265625,540.9136352539062,0.03810090944170952,276.19512939453125,537.02587890625,0.003421354340389371,286.6891174316406,532.47802734375,0.598410427570343,342.0393371582031,521.651611328125,0.14622540771961212,348.289306640625,638.5577392578125,0.9951953291893005,376.4369201660156,614.7294311523438,0.955102264881134,335.6683349609375,816.023681640625,0.9961588382720947,361.14691162109375,775.434326171875,0.46835923194885254,246.84738159179688,739.4935913085938,0.9842897057533264,276.778076171875,739.3572387695312,0.6518785953521729,431.9442443847656,922.8721923828125,0.9947800636291504,429.3586120605469,898.103515625,0.9892725944519043,306.9448547363281,1144.0306396484375,0.9977947473526001,330.519287109375,1066.5672607421875,0.9968306422233582,384.633056640625,1382.62109375,0.9346034526824951,402.55279541015625,1261.2733154296875,0.9840111136436462
236,274.1923828125,516.1002807617188,0.10152279585599899,273.7498779296875,494.4197998046875,0.06595467031002045,282.993408203125,491.5346984863281,0.0037548537366092205,300.5383605957031,481.22686767578125,0.6400514841079712,346.48834228515625,473.5017395019531,0.09250097721815109,355.7400207519531,585.8939208984375,0.9953441023826599,399.4942626953125,567.1329345703125,0.9146943688392639,352.7496337890625,768.2675170898438,0.9957404136657715,388.28582763671875,728.2789306640625,0.16649875044822693,258.51031494140625,709.8780517578125,0.9875237941741943,287.4422607421875,700.0288696289062,0.17683537304401398,420.014892578125,897.9236450195312,0.9912217855453491,446.0616149902344,880.634765625,0.9599310755729675,328.3678283691406,1130.11279296875,0.9976359605789185,373.7234802246094,1094.802734375,0.9865212440490723,380.4774169921875,1365.224853515625,0.971001386642456,410.82232666015625,1262.5816650390625,0.9688224196434021
237,264.7690734863281,491.16339111328125,0.24304161965847015,267.95220947265625,469.52862548828125,0.18942897021770477,271.86431884765625,468.65313720703125,0.00587050337344408,308.74298095703125,458.38134765625,0.6633329391479492,336.54437255859375,454.33251953125,0.029603788629174232,368.09893798828125,557.406005859375,0.9947987794876099,399.53875732421875,542.6288452148438,0.8761914372444153,364.2041320800781,737.9794921875,0.9963313937187195,404.918212890625,704.5423583984375,0.15500031411647797,268.26629638671875,692.0701904296875,0.9925910234451294,313.55645751953125,675.3203125,0.12226671725511551,417.0622253417969,879.1248168945312,0.9885070323944092,444.570556640625,865.368896484375,0.9218571782112122,363.14007568359375,1119.4947509765625,0.9941745400428772,388.2301940917969,1094.6153564453125,0.9427500367164612,382.9619140625,1370.674560546875,0.9762735366821289,405.66961669921875,1309.6815185546875,0.942484438419342
238,274.3822326660156,475.2429504394531,0.12349770218133926,275.0924987792969,454.7688903808594,0.100627601146698,284.0682067871094,452.2154235839844,0.0037272360641509295,310.23248291015625,441.8763427734375,0.7422714233398438,355.03607177734375,433.4776611328125,0.07243586331605911,365.84686279296875,545.7962036132812,0.9977570176124573,413.86529541015625,524.3654174804688,0.9078236222267151,368.0490417480469,720.9510498046875,0.9971387386322021,407.626708984375,682.5537109375,0.07993628084659576,274.08807373046875,679.9821166992188,0.9925553202629089,310.9295349121094,663.6915893554688,0.17261183261871338,400.3321228027344,866.5807495117188,0.9940769672393799,443.217041015625,850.6129150390625,0.94642174243927,373.93499755859375,1110.7060546875,0.994408905506134,395.73895263671875,1081.548828125,0.9239676594734192,389.7814636230469,1367.625,0.9792187809944153,396.9245300292969,1281.060791015625,0.9439323544502258
239,278.4566650390625,469.2845458984375,0.12467119097709656,279.9020690917969,450.754150390625,0.08459550142288208,291.6510009765625,446.9529113769531,0.003147224895656109,319.4557800292969,437.92156982421875,0.707285463809967,366.590087890625,426.19488525390625,0.057502493262290955,373.35113525390625,541.4271240234375,0.9973137974739075,413.1850280761719,521.5935668945312,0.9177656173706055,377.2147521972656,718.0823364257812,0.995675265789032,401.0550537109375,679.7469482421875,0.15197931230068207,277.08197021484375,672.5771484375,0.9852107167243958,300.7376708984375,656.452880859375,0.33098262548446655,395.95379638671875,858.0743408203125,0.9924755692481995,428.57354736328125,841.21875,0.9313408136367798,379.7905578613281,1101.4571533203125,0.993499755859375,390.08917236328125,1063.3076171875,0.88401859998703,396.5968322753906,1362.3984375,0.9813823699951172,394.1828918457031,1257.0289306640625,0.935901939868927
240,282.99237060546875,483.1343994140625,0.19847983121871948,285.196533203125,463.4071044921875,0.13581418991088867,293.1832275390625,460.0672607421875,0.005399176850914955,327.2126770019531,443.36383056640625,0.6619336009025574,360.5816345214844,433.3940734863281,0.04422720894217491,382.3377685546875,544.4361572265625,0.9966416358947754,408.3714904785156,520.3291015625,0.9030058979988098,384.04052734375,722.7929077148438,0.9952802658081055,391.34918212890625,673.75,0.1569134145975113,279.74224853515625,675.5390014648438,0.9815180897712708,300.70880126953125,657.9894409179688,0.379199743270874,394.50189208984375,867.0313110351562,0.9906541705131531,411.3799743652344,846.6798706054688,0.9455206394195557,388.364013671875,1105.5352783203125,0.9953985810279846,375.96551513671875,1055.8370361328125,0.9657740592956543,404.7349853515625,1351.9698486328125,0.9874656796455383,388.0536804199219,1223.3817138671875,0.9851484298706055
241,287.12872314453125,482.31060791015625,0.23865529894828796,288.55462646484375,461.9610900878906,0.19388234615325928,296.4240417480469,459.3682556152344,0.006428380496799946,332.63104248046875,441.53302001953125,0.7509034872055054,367.0289306640625,433.21533203125,0.05670393630862236,390.95556640625,545.6838989257812,0.9973503351211548,413.919189453125,521.3014526367188,0.9180504679679871,387.8807678222656,722.9900512695312,0.9964414238929749,387.72021484375,662.618896484375,0.17009371519088745,280.4071350097656,678.3826293945312,0.9903088212013245,304.9642028808594,652.287841796875,0.5120977759361267,388.80438232421875,869.02294921875,0.9896873831748962,406.9685363769531,849.65380859375,0.9411090016365051,388.34295654296875,1108.7646484375,0.9953729510307312,370.590087890625,1064.843505859375,0.9696525931358337,402.5037841796875,1353.5411376953125,0.9864249229431152,389.2088928222656,1230.97900390625,0.9848412871360779
242,282.6353759765625,473.21014404296875,0.22990958392620087,285.271484375,452.49761962890625,0.15849770605564117,292.8935852050781,450.964111328125,0.005419124849140644,330.4059143066406,436.4093017578125,0.7124433517456055,362.5300598144531,429.7388916015625,0.051507752388715744,392.8437194824219,545.5280151367188,0.9973071813583374,401.9935607910156,527.0448608398438,0.9326922297477722,388.4013671875,726.520751953125,0.9964976906776428,383.41998291015625,672.32421875,0.27686476707458496,281.11517333984375,677.6696166992188,0.9899994730949402,300.84075927734375,652.9153442382812,0.6839296817779541,384.8077697753906,868.8282470703125,0.990063488483429,392.3921813964844,852.4608154296875,0.9530841112136841,385.6082763671875,1115.12060546875,0.9961521029472351,358.9405517578125,1077.7353515625,0.9811625480651855,401.3423767089844,1358.9501953125,0.98552006483078,387.9854431152344,1241.6524658203125,0.9868485927581787
243,284.97552490234375,471.9092102050781,0.23350980877876282,288.3280029296875,451.5621643066406,0.18349474668502808,294.79498291015625,450.237060546875,0.006399347446858883,333.9014587402344,437.06207275390625,0.7630539536476135,363.1899719238281,430.52655029296875,0.05806633085012436,392.3522644042969,547.4031372070312,0.997363269329071,401.6678466796875,527.0110473632812,0.9335399270057678,387.316650390625,727.3624877929688,0.9960434436798096,376.0571594238281,665.53173828125,0.24502891302108765,279.69036865234375,676.4232177734375,0.9878722429275513,294.9352111816406,647.962890625,0.6392795443534851,383.97100830078125,869.2864379882812,0.9903242588043213,394.57073974609375,852.5236206054688,0.9463355541229248,383.1748046875,1114.8048095703125,0.9959017634391785,363.2472839355469,1075.554931640625,0.9697970747947693,399.4677429199219,1361.462890625,0.9852661490440369,385.1746520996094,1241.4276123046875,0.980136513710022
244,281.75006103515625,472.2157287597656,0.13413217663764954,282.50439453125,451.553466796875,0.11456221342086792,294.1322937011719,448.9511413574219,0.0037157568149268627,322.10443115234375,439.5518798828125,0.8583829998970032,369.2199401855469,430.37738037109375,0.12021896243095398,387.7254638671875,549.6480102539062,0.9981194138526917,399.42169189453125,530.6058959960938,0.943679928779602,379.8260192871094,730.7117919921875,0.9955238103866577,382.97686767578125,678.742431640625,0.15105865895748138,275.0531311035156,670.7418212890625,0.9891151189804077,297.3511962890625,649.6337890625,0.4985118806362152,388.33428955078125,871.7732543945312,0.9920464754104614,399.72772216796875,855.618408203125,0.9468966722488403,379.559326171875,1117.718994140625,0.9963647723197937,361.6448974609375,1079.986083984375,0.9650468230247498,398.8146667480469,1367.30078125,0.9831909537315369,382.6730041503906,1245.4200439453125,0.972626268863678
245,274.5563049316406,479.99676513671875,0.17210549116134644,274.31585693359375,458.4558410644531,0.14921122789382935,283.81085205078125,456.38372802734375,0.004061284940689802,314.62701416015625,441.19354248046875,0.8213019967079163,356.8489074707031,434.5804748535156,0.0666067972779274,380.88214111328125,549.6906127929688,0.9977194666862488,404.96160888671875,528.3667602539062,0.930081844329834,368.3719177246094,734.0247192382812,0.9957308173179626,394.6756286621094,697.6472778320312,0.19831961393356323,266.8604431152344,666.1317138671875,0.9850801825523376,297.7883605957031,657.7745971679688,0.5502235889434814,391.3676452636719,874.0338745117188,0.9913621544837952,412.008056640625,855.8663330078125,0.9403455257415771,373.9249572753906,1117.5894775390625,0.9960237741470337,367.7912292480469,1080.8681640625,0.9560359120368958,393.7721862792969,1369.7982177734375,0.9832711815834045,380.81829833984375,1249.2794189453125,0.966056764125824
246,268.67218017578125,480.45477294921875,0.18979665637016296,269.2246398925781,459.0953674316406,0.14567387104034424,276.2448425292969,458.81817626953125,0.004466677084565163,309.0202331542969,447.18499755859375,0.6422547698020935,347.2764587402344,444.41009521484375,0.0406213104724884,375.4979248046875,555.0653686523438,0.9948650002479553,404.896240234375,534.9757690429688,0.9068588018417358,353.8440856933594,738.6973876953125,0.995153546333313,390.01422119140625,704.4901733398438,0.5387560725212097,256.7423095703125,662.9234008789062,0.9865623116493225,290.83148193359375,652.3308715820312,0.8089851140975952,400.3469543457031,884.04541015625,0.9879599809646606,428.0014953613281,867.4103393554688,0.9347468614578247,360.670166015625,1127.501953125,0.9944869875907898,382.64434814453125,1102.6087646484375,0.9555121064186096,390.2879638671875,1377.7637939453125,0.9734930396080017,403.8940124511719,1308.75732421875,0.9338898658752441
247,270.2557067871094,509.92047119140625,0.10183925926685333,268.506103515625,487.58563232421875,0.07643260806798935,278.0224914550781,486.5024108886719,0.001941898139193654,301.1239929199219,470.945068359375,0.6954917311668396,345.4744567871094,467.3809814453125,0.04329848289489746,365.34527587890625,575.9175415039062,0.9964799284934998,400.9244079589844,556.083740234375,0.8955242037773132,336.707275390625,753.0809326171875,0.9957584738731384,379.9277648925781,722.105712890625,0.31846144795417786,251.4732666015625,678.7495727539062,0.9897119998931885,281.3560485839844,673.0851440429688,0.4867091774940491,409.2263488769531,898.04541015625,0.9890682101249695,438.4932861328125,882.6453857421875,0.935044527053833,345.7420654296875,1138.30908203125,0.9961944818496704,380.7677001953125,1118.8912353515625,0.9716817140579224,386.5728759765625,1373.80126953125,0.9652738571166992,415.9399108886719,1313.494873046875,0.928595244884491
248,255.4112548828125,547.5696411132812,0.13373233377933502,255.08935546875,524.0266723632812,0.10896462947130203,262.6953125,522.9148559570312,0.0069707296788692474,290.1913146972656,507.4082946777344,0.6254845857620239,332.2753601074219,503.64385986328125,0.08455922454595566,360.6094665527344,603.1162109375,0.994668185710907,390.66693115234375,580.5338134765625,0.9160547256469727,316.7218933105469,788.1943359375,0.9967091083526611,363.4041748046875,740.7824096679688,0.384570449590683,238.09622192382812,694.1233520507812,0.9831036329269409,270.8310852050781,693.5638427734375,0.6160323023796082,421.4154052734375,908.5127563476562,0.9912921786308289,430.70538330078125,886.69091796875,0.9743180871009827,320.02081298828125,1133.1580810546875,0.9974623918533325,346.5447692871094,1085.086181640625,0.9934245347976685,386.39178466796875,1375.134033203125,0.9562282562255859,409.71038818359375,1281.44775390625,0.9736440181732178
249,237.63540649414062,584.6819458007812,0.2574145197868347,236.4482879638672,562.0796508789062,0.21109312772750854,244.31777954101562,561.7095947265625,0.0073936996050179005,276.6725769042969,546.395751953125,0.6670724153518677,313.9096984863281,545.0340576171875,0.031515881419181824,353.58892822265625,641.190673828125,0.996058464050293,371.7407531738281,618.1444091796875,0.9540195465087891,302.3221130371094,824.03173828125,0.9980674386024475,341.6477966308594,780.909423828125,0.6308086514472961,231.6903076171875,723.369140625,0.973742663860321,263.545166015625,724.0404052734375,0.7015817165374756,433.9107360839844,934.4554443359375,0.9948729872703552,423.4043884277344,904.7482299804688,0.9926337599754333,305.08447265625,1147.9632568359375,0.9977667331695557,313.83392333984375,1043.8939208984375,0.9987396597862244,384.6881408691406,1383.17626953125,0.9281691312789917,398.9156799316406,1246.8240966796875,0.9943776726722717
250,226.6110382080078,625.2977294921875,0.2789772152900696,226.95249938964844,606.12353515625,0.20188668370246887,234.34251403808594,601.9503784179688,0.007979116402566433,266.7720947265625,593.1875610351562,0.7247394323348999,300.0706787109375,584.1210327148438,0.03351540118455887,345.45904541015625,685.166259765625,0.9969810843467712,354.534423828125,658.7786865234375,0.9711446762084961,292.21923828125,868.11669921875,0.998251736164093,331.05865478515625,822.7283325195312,0.6765696406364441,230.5345001220703,760.1936645507812,0.9801632761955261,259.8485107421875,757.9822998046875,0.7061963081359863,440.36212158203125,967.7879028320312,0.9954653382301331,422.7384033203125,934.30859375,0.9943203926086426,286.30426025390625,1162.246826171875,0.9973350167274475,299.8828125,1041.8399658203125,0.9988321661949158,381.14532470703125,1382.2271728515625,0.8909983038902283,399.9208068847656,1248.4749755859375,0.9936361312866211
251,229.31588745117188,675.01123046875,0.35341474413871765,230.3484649658203,655.9595947265625,0.327790766954422,238.52696228027344,653.1559448242188,0.013410174287855625,273.37237548828125,645.2718505859375,0.7286930680274963,307.788330078125,637.6190185546875,0.027258744463324547,336.8702087402344,732.520263671875,0.9964331388473511,361.3680725097656,707.2989501953125,0.9626801609992981,286.09136962890625,910.2451171875,0.9985384941101074,322.16815185546875,869.927734375,0.5325475335121155,225.3385009765625,804.2402954101562,0.9853869676589966,249.52633666992188,804.1979370117188,0.4799243211746216,443.9413757324219,1002.393798828125,0.9954131245613098,434.02294921875,967.977783203125,0.993202805519104,276.7364807128906,1173.2445068359375,0.9971176385879517,291.2242736816406,1038.2628173828125,0.9984442591667175,383.94873046875,1378.79541015625,0.9023357629776001,395.2185974121094,1238.3133544921875,0.9942073822021484
252,215.5236053466797,719.290283203125,0.3608202338218689,216.72076416015625,700.0294799804688,0.32754260301589966,224.67030334472656,698.6475219726562,0.021773235872387886,258.5012512207031,691.0488891601562,0.6066445112228394,291.42919921875,685.97998046875,0.03386850655078888,333.43682861328125,779.5584106445312,0.9951649904251099,346.71368408203125,757.9776000976562,0.9729199409484863,278.02960205078125,958.4837646484375,0.9987385869026184,313.6454162597656,911.9755859375,0.8928283452987671,218.0043182373047,847.876953125,0.9816449880599976,244.62120056152344,840.977783203125,0.9099394679069519,454.3539733886719,1034.982421875,0.9950217008590698,433.3853759765625,1000.4479370117188,0.9946743249893188,268.3182373046875,1181.9149169921875,0.9974974989891052,285.3059387207031,1043.74365234375,0.9988301396369934,384.74530029296875,1375.6331787109375,0.9189025163650513,399.4729919433594,1236.8983154296875,0.9947134852409363
253,222.54464721679688,768.7823486328125,0.299679696559906,223.16969299316406,749.5437622070312,0.40897342562675476,232.23660278320312,748.3841552734375,0.033827245235443115,265.1600646972656,737.4449462890625,0.748582661151886,299.32470703125,732.1010131835938,0.07221268117427826,327.9685974121094,821.2023315429688,0.9954935312271118,350.82489013671875,796.39111328125,0.9704647660255432,273.40185546875,1000.072998046875,0.9983291029930115,316.1139831542969,958.2171020507812,0.852570652961731,217.89971923828125,883.7113037109375,0.9884033799171448,242.36245727539062,879.1192626953125,0.8992060422897339,453.5288391113281,1071.1138916015625,0.9965864419937134,441.31268310546875,1033.961181640625,0.992750883102417,255.6647186279297,1188.659423828125,0.9968686699867249,275.0548095703125,1039.52294921875,0.9936131834983826,387.1544494628906,1370.847412109375,0.9585167765617371,378.74041748046875,1204.6358642578125,0.99030601978302
254,213.89126586914062,798.2928466796875,0.23263123631477356,214.39871215820312,780.8487548828125,0.23758362233638763,224.59378051757812,775.7488403320312,0.012279392220079899,251.4348602294922,771.4344482421875,0.7729500532150269,292.5682067871094,758.8255615234375,0.061813805252313614,321.8797302246094,856.731201171875,0.9962526559829712,345.597412109375,825.8258056640625,0.9778597354888916,271.1908264160156,1037.549072265625,0.9981293082237244,314.689453125,988.0433959960938,0.7406792640686035,218.80531311035156,914.6990356445312,0.9887035489082336,244.07113647460938,912.1908569335938,0.7008787989616394,452.7980041503906,1100.1142578125,0.9958977103233337,438.7644958496094,1065.2015380859375,0.9864498972892761,250.23416137695312,1195.8494873046875,0.9979367256164551,259.9510803222656,1080.2861328125,0.9845501184463501,377.126953125,1373.1588134765625,0.9859411120414734,383.5732727050781,1205.1510009765625,0.9870024919509888
255,203.886474609375,825.8399658203125,0.23977304995059967,208.90701293945312,806.8716430664062,0.17575791478157043,210.106689453125,804.9244995117188,0.022915268316864967,252.58828735351562,796.39697265625,0.4070824980735779,268.123291015625,789.9292602539062,0.04524612799286842,315.2381286621094,884.728759765625,0.9933099746704102,336.97979736328125,853.047607421875,0.9559672474861145,269.4524230957031,1066.2354736328125,0.998211145401001,306.9027099609375,1012.3345947265625,0.7471198439598083,219.3524169921875,938.988525390625,0.9880827069282532,235.63699340820312,935.8782348632812,0.7842630743980408,453.7337646484375,1118.266845703125,0.9929473400115967,447.0050964355469,1087.959228515625,0.9774142503738403,251.62481689453125,1195.9248046875,0.9954320192337036,276.19024658203125,1112.73486328125,0.964150071144104,377.2774353027344,1381.85595703125,0.9857526421546936,397.8080749511719,1234.0142822265625,0.9795863032341003
256,200.32470703125,832.74853515625,0.26983901858329773,200.94830322265625,813.234619140625,0.27046987414360046,210.88565063476562,810.7551879882812,0.014251717366278172,239.62818908691406,805.4210205078125,0.7075691819190979,280.4365234375,797.6889038085938,0.046621374785900116,319.058349609375,900.318359375,0.9956889748573303,334.07025146484375,869.146240234375,0.9653132557868958,267.39593505859375,1079.5179443359375,0.998119056224823,316.53759765625,1027.65185546875,0.7383657097816467,217.9386749267578,952.833251953125,0.9918783903121948,240.9096221923828,950.0240478515625,0.7925165891647339,459.2931213378906,1134.5234375,0.9904963970184326,444.93084716796875,1105.6549072265625,0.9664887189865112,251.0029296875,1197.711669921875,0.9948716163635254,257.5627136230469,1122.0386962890625,0.955599308013916,377.26348876953125,1385.2015380859375,0.9797099828720093,396.0625,1240.347900390625,0.9679455161094666
257,202.19525146484375,817.9278564453125,0.17200176417827606,203.0220947265625,800.8692016601562,0.13319343328475952,216.5816650390625,796.1903686523438,0.008912904188036919,236.4253387451172,799.9622802734375,0.6142128109931946,288.9522399902344,786.38623046875,0.06755267828702927,318.6133117675781,900.3517456054688,0.9958963394165039,330.8857421875,870.0076904296875,0.9714707136154175,268.90838623046875,1080.033447265625,0.998044490814209,312.2008972167969,1029.178466796875,0.7321446537971497,216.73594665527344,954.9707641601562,0.9910184144973755,239.13479614257812,952.78662109375,0.7609995007514954,456.98193359375,1134.9449462890625,0.9897485375404358,442.0020751953125,1106.046630859375,0.9646744132041931,249.67079162597656,1197.2728271484375,0.994495689868927,257.00836181640625,1122.5322265625,0.9516792297363281,377.8438720703125,1384.3525390625,0.9780486822128296,396.7254333496094,1239.9886474609375,0.9645919799804688
258,211.65037536621094,820.6046752929688,0.24844664335250854,215.1984100341797,802.089599609375,0.2175091654062271,220.96185302734375,799.3291015625,0.017897553741931915,258.2991943359375,792.9589233398438,0.6017879247665405,284.5780334472656,784.3034057617188,0.05126866325736046,322.4387512207031,885.027587890625,0.9953141212463379,343.7238464355469,855.5112915039062,0.9693480134010315,275.19256591796875,1066.1392822265625,0.9982300400733948,316.137451171875,1015.810791015625,0.7110335230827332,221.17762756347656,939.8717041015625,0.9904787540435791,240.7506866455078,939.5852661132812,0.7416592240333557,458.45098876953125,1123.8917236328125,0.9935083389282227,449.5273132324219,1094.1724853515625,0.9781012535095215,250.5164031982422,1195.9501953125,0.995887815952301,273.83203125,1109.4151611328125,0.9651234745979309,377.366455078125,1381.1856689453125,0.9865249395370483,392.2495422363281,1226.9412841796875,0.9817746877670288
259,225.83334350585938,801.56982421875,0.2570529282093048,226.98951721191406,783.9472045898438,0.273330420255661,235.49630737304688,780.1871337890625,0.018857870250940323,267.0275573730469,772.490234375,0.7523087859153748,301.462646484375,762.6373291015625,0.07076170295476913,330.05804443359375,855.2000122070312,0.9961488246917725,354.2892150878906,827.9408569335938,0.9774137735366821,280.39599609375,1028.8543701171875,0.9984334111213684,314.80718994140625,989.2490234375,0.7153490781784058,225.69444274902344,912.2166748046875,0.9905654191970825,247.40884399414062,911.768310546875,0.6354984641075134,454.4206848144531,1101.1787109375,0.9964354038238525,447.9901428222656,1066.672119140625,0.9874889254570007,252.65087890625,1193.2119140625,0.9978275895118713,271.6910095214844,1069.598388671875,0.9834924936294556,380.11126708984375,1374.5062255859375,0.9835501909255981,383.4116516113281,1210.2913818359375,0.9853823184967041
260,264.0889892578125,719.9360961914062,0.21110455691814423,270.28375244140625,703.9639282226562,0.21180962026119232,278.42889404296875,703.4898681640625,0.03771815821528435,302.79058837890625,714.2344970703125,0.49806132912635803,340.7847900390625,705.1795654296875,0.13019266724586487,333.461669921875,825.4044799804688,0.9952462315559387,371.74725341796875,795.4329833984375,0.97043377161026,283.0372009277344,988.2645874023438,0.9987608194351196,315.1752014160156,953.9757080078125,0.6591116786003113,223.88270568847656,873.3685913085938,0.9915527701377869,246.96728515625,874.5184326171875,0.6932443976402283,449.19720458984375,1075.851318359375,0.9970605969429016,452.02569580078125,1036.6348876953125,0.9935599565505981,262.21502685546875,1186.655517578125,0.997157096862793,282.7035217285156,1026.2044677734375,0.9949113726615906,389.591064453125,1369.7969970703125,0.9482507109642029,385.4935302734375,1209.3349609375,0.9911223649978638
261,235.86361694335938,708.8095092773438,0.3182772099971771,238.9695587158203,688.2392578125,0.32009029388427734,244.3989715576172,686.4647216796875,0.0271065142005682,280.71856689453125,680.0447998046875,0.6762818098068237,307.562255859375,673.4652099609375,0.06315644830465317,337.2470397949219,767.72705078125,0.9962813258171082,363.4787292480469,744.8236083984375,0.9699734449386597,285.06976318359375,940.5004272460938,0.9991399049758911,326.9147644042969,896.252197265625,0.7768121361732483,226.3715362548828,828.8414306640625,0.9851281046867371,256.6760559082031,821.4993896484375,0.7792648077011108,452.2571716308594,1029.6712646484375,0.9947158694267273,442.1319274902344,995.3617553710938,0.9932461977005005,275.9234619140625,1179.9598388671875,0.9971422553062439,292.21038818359375,1038.9169921875,0.9985285997390747,387.05859375,1377.7962646484375,0.9163129925727844,398.1919860839844,1236.87841796875,0.9949552416801453
262,249.9099578857422,646.3021850585938,0.2612685561180115,251.56150817871094,626.2916259765625,0.16532519459724426,255.32199096679688,625.5252075195312,0.013061794452369213,286.7727966308594,617.6008911132812,0.6241603493690491,311.1875305175781,615.114501953125,0.04783885180950165,346.1646423339844,715.9985961914062,0.9964120984077454,362.7567138671875,692.9807739257812,0.9741359353065491,299.495361328125,886.713134765625,0.9984397292137146,321.6654052734375,845.927734375,0.7774217128753662,232.9041748046875,779.9385986328125,0.9733433723449707,259.4423828125,779.266845703125,0.8048297762870789,454.95611572265625,988.680419921875,0.9950566291809082,440.6017150878906,958.0857543945312,0.9955515265464783,285.1668395996094,1162.8896484375,0.9970579147338867,305.9096984863281,1044.60791015625,0.9991963505744934,379.5437927246094,1382.969482421875,0.9017761945724487,397.48431396484375,1244.81884765625,0.9963680505752563
263,244.41690063476562,590.8441162109375,0.22583231329917908,244.41720581054688,571.1083984375,0.18008938431739807,254.2292938232422,570.1240844726562,0.007949098013341427,285.0685729980469,560.95849609375,0.6361051797866821,325.4369201660156,556.3099365234375,0.04344310984015465,355.2659912109375,666.3162841796875,0.9955885410308838,375.5121765136719,639.0181884765625,0.9597108364105225,316.4619445800781,846.6739501953125,0.9977689981460571,351.74078369140625,799.0360107421875,0.7134735584259033,241.29708862304688,751.7981567382812,0.9770589470863342,269.8354187011719,747.2050170898438,0.8129053711891174,442.83636474609375,950.2310180664062,0.993370771408081,434.06207275390625,918.3155517578125,0.9909999966621399,303.0520324707031,1149.9210205078125,0.9970054030418396,309.13189697265625,1038.185546875,0.9983820915222168,390.8428955078125,1381.301025390625,0.8872769474983215,399.1180419921875,1244.313232421875,0.9909345507621765
264,260.6109619140625,540.9175415039062,0.11564445495605469,260.2920227050781,519.627685546875,0.08871206641197205,270.73486328125,519.1510009765625,0.002893754979595542,293.95562744140625,511.7341003417969,0.6973503232002258,338.0126037597656,508.1849670410156,0.044149234890937805,358.99920654296875,621.43505859375,0.9959688186645508,376.8486022949219,600.7800903320312,0.938460111618042,338.56085205078125,800.9906005859375,0.9960249662399292,364.26776123046875,766.573486328125,0.33040186762809753,254.51263427734375,722.04150390625,0.9807794690132141,282.5992126464844,719.4312744140625,0.38777628540992737,430.59112548828125,912.31640625,0.9943179488182068,426.86016845703125,890.01025390625,0.9833300709724426,319.0101318359375,1134.5902099609375,0.997617781162262,336.61505126953125,1063.7662353515625,0.994860827922821,386.37115478515625,1375.1826171875,0.9362770318984985,406.42041015625,1255.1099853515625,0.9788778424263
265,266.943115234375,509.6642761230469,0.14711414277553558,266.9366455078125,486.6094970703125,0.15128397941589355,276.3750305175781,485.8110656738281,0.004338874481618404,304.8008728027344,475.1103515625,0.829764723777771,345.85076904296875,471.2425842285156,0.0671364888548851,365.6025085449219,582.4336547851562,0.9960117340087891,394.6646728515625,564.5548706054688,0.9122395515441895,353.2852783203125,761.9779052734375,0.9953382015228271,393.2315368652344,732.055419921875,0.16010019183158875,263.2313537597656,696.8118896484375,0.9842145442962646,300.2144775390625,693.9705200195312,0.11995043605566025,421.5840759277344,891.9674682617188,0.9886637330055237,439.9959716796875,876.2908325195312,0.9363411068916321,347.78271484375,1130.7138671875,0.9963464140892029,376.5809020996094,1097.41748046875,0.9735326766967773,385.9212646484375,1366.9031982421875,0.9665371775627136,410.1446228027344,1284.42724609375,0.9490197896957397
266,274.132080078125,478.46844482421875,0.07785499095916748,272.88623046875,457.7994384765625,0.04333442449569702,283.8037414550781,455.40478515625,0.002572027500718832,299.93658447265625,447.74005126953125,0.4562126398086548,346.7708435058594,440.62847900390625,0.05743330717086792,369.1803894042969,556.3652954101562,0.9910982251167297,391.624267578125,538.8055419921875,0.8256468772888184,362.8802490234375,737.4945678710938,0.994590163230896,402.7002258300781,712.7604370117188,0.26611092686653137,272.00823974609375,690.4058837890625,0.9925501346588135,319.0621643066406,685.8502807617188,0.3912011682987213,419.06231689453125,872.7127075195312,0.9813240170478821,440.1587219238281,856.7694091796875,0.8789151906967163,370.90130615234375,1108.769287109375,0.9912740588188171,394.12030029296875,1081.695068359375,0.9064280390739441,388.78839111328125,1366.6710205078125,0.9725075364112854,401.780517578125,1291.8636474609375,0.9186208844184875
267,,,,,,,,,,,,,,,,,,,,,,,,,,,,,,,,,,,,,,,,,,,,,,,,,,,
268,283.9057312011719,466.78826904296875,0.04949598014354706,281.165283203125,447.3880310058594,0.029167158529162407,299.2915344238281,441.97393798828125,0.0012996633304283023,308.0279541015625,440.7629699707031,0.8045644164085388,381.71826171875,425.57666015625,0.22493869066238403,379.6517333984375,542.9996337890625,0.9977039694786072,422.082763671875,521.5704345703125,0.9451082348823547,382.1748352050781,718.8680419921875,0.9953420162200928,426.5315246582031,633.4244384765625,0.148967444896698,281.6488037109375,684.45263671875,0.9936975836753845,349.3338317871094,612.1962890625,0.36013948917388916,396.7662353515625,869.3323364257812,0.9896696209907532,428.39886474609375,851.6327514648438,0.9318109154701233,396.4723815917969,1111.5159912109375,0.995617151260376,395.0203552246094,1068.384765625,0.9564136862754822,406.1502685546875,1364.04833984375,0.9850503206253052,399.8414306640625,1233.48388671875,0.9762879610061646
269,284.7943115234375,471.2103271484375,0.04432724416255951,281.2763366699219,451.3364562988281,0.029368257150053978,299.1656188964844,446.1532287597656,0.0014809274580329657,306.7614440917969,444.50445556640625,0.8316572308540344,385.4146728515625,429.6750793457031,0.32636353373527527,380.29595947265625,548.8121948242188,0.997527539730072,439.7431640625,516.3605346679688,0.9590633511543274,390.7093200683594,727.4602661132812,0.9964136481285095,496.85552978515625,480.73095703125,0.32458075881004333,284.53173828125,687.499267578125,0.9968273043632507,485.4580383300781,424.77484130859375,0.5539706945419312,390.5754089355469,873.5840454101562,0.9894285798072815,421.8076171875,856.9286499023438,0.9568243026733398,406.52459716796875,1105.6424560546875,0.9962350726127625,382.163818359375,1059.5682373046875,0.9837393164634705,414.322509765625,1355.25732421875,0.9806784987449646,401.96685791015625,1216.485595703125,0.9882538318634033
270,292.03857421875,467.4825439453125,0.023131856694817543,287.88031005859375,446.2196044921875,0.016951434314250946,307.265625,442.2016906738281,0.00086270144674927,306.80010986328125,440.8079528808594,0.8647670745849609,384.2998352050781,429.14251708984375,0.3206486999988556,385.6217956542969,548.900146484375,0.9984702467918396,403.0091552734375,534.9743041992188,0.9387223720550537,393.498291015625,729.9959106445312,0.9954138994216919,390.45465087890625,679.4088134765625,0.05698300153017044,283.26263427734375,689.5770874023438,0.9883527159690857,306.583984375,664.0000610351562,0.11637944728136063,390.63641357421875,872.8411865234375,0.9902404546737671,401.078369140625,857.0809326171875,0.9307796955108643,400.598876953125,1109.27294921875,0.9953014850616455,377.63177490234375,1066.974853515625,0.964016318321228,415.174560546875,1353.90869140625,0.9828796982765198,396.75762939453125,1223.021728515625,0.9824207425117493
271,287.8340148925781,469.93609619140625,0.034943174570798874,284.5185241699219,449.6629943847656,0.02470727078616619,303.02801513671875,444.1637268066406,0.0010383535409346223,309.28436279296875,441.3570556640625,0.8315752148628235,381.49169921875,426.5334777832031,0.21165525913238525,388.7179870605469,552.8905639648438,0.9984917640686035,403.37689208984375,531.2234497070312,0.927261233329773,390.71893310546875,732.0029296875,0.9952083230018616,388.0581970214844,677.3825073242188,0.06573983281850815,280.5523986816406,683.3441162109375,0.9893362522125244,304.2562561035156,659.1913452148438,0.20469127595424652,386.8645324707031,876.651611328125,0.9903210997581482,396.60272216796875,858.5819702148438,0.9107550978660583,389.9820556640625,1114.682373046875,0.9945323467254639,370.6822509765625,1080.076904296875,0.9255478978157043,405.81561279296875,1361.9390869140625,0.9814673066139221,390.5500183105469,1238.7689208984375,0.9599846601486206
272,286.2945861816406,472.0267639160156,0.07376563549041748,283.6689453125,451.6416320800781,0.05539529398083687,297.3201904296875,448.564453125,0.0013620276004076004,315.0382385253906,440.2691955566406,0.739615797996521,367.2587890625,432.0649108886719,0.06174376606941223,387.291259765625,550.5940551757812,0.9954557418823242,401.67108154296875,527.9083862304688,0.8571774959564209,382.4088134765625,735.3472290039062,0.9923081398010254,386.8639831542969,685.6826782226562,0.09090948849916458,279.48553466796875,681.0000610351562,0.988004207611084,301.16973876953125,667.9654541015625,0.17017410695552826,391.592529296875,877.0005493164062,0.9807517528533936,400.24554443359375,857.5668334960938,0.8801502585411072,388.2729797363281,1116.690673828125,0.9933813810348511,361.0174255371094,1072.622314453125,0.9504054188728333,402.0441589355469,1362.7213134765625,0.9835839867591858,390.12164306640625,1236.8673095703125,0.9804726243019104
273,276.82843017578125,471.84710693359375,0.06517049670219421,273.8319396972656,452.10455322265625,0.03267117589712143,289.32769775390625,447.52838134765625,0.0016946742543950677,301.3599548339844,444.2110900878906,0.7245272994041443,369.3537292480469,431.39501953125,0.17788003385066986,379.0574951171875,551.6508178710938,0.9977523684501648,415.8226623535156,520.0607299804688,0.9546573758125305,374.160888671875,740.8258056640625,0.9968517422676086,467.931396484375,509.65478515625,0.3169761896133423,272.72760009765625,673.4397583007812,0.9969025254249573,475.56781005859375,438.26318359375,0.5855421423912048,383.8728332519531,883.717529296875,0.9900842905044556,412.5627746582031,869.2093505859375,0.9462500810623169,377.93817138671875,1121.0206298828125,0.9957525730133057,366.6551818847656,1090.1907958984375,0.962681233882904,398.05218505859375,1375.5916748046875,0.9713920950889587,393.03692626953125,1262.23095703125,0.9545149803161621
274,267.72308349609375,477.5569763183594,0.08122388273477554,263.7781982421875,457.83856201171875,0.042859192937612534,278.7813720703125,454.15069580078125,0.0012217077892273664,294.33624267578125,442.4075622558594,0.6938381791114807,354.83660888671875,433.56219482421875,0.05923076719045639,374.1724548339844,548.0335693359375,0.998007595539093,395.90234375,525.8151245117188,0.9386037588119507,363.6337890625,746.7984008789062,0.9965928196907043,385.6520080566406,708.380126953125,0.34652841091156006,265.81561279296875,669.0078125,0.9918543100357056,291.8959655761719,662.8671264648438,0.6171270608901978,388.207763671875,877.2573852539062,0.9910973310470581,417.86541748046875,860.80126953125,0.9205566048622131,368.9366149902344,1125.934326171875,0.9942519664764404,377.84149169921875,1102.82373046875,0.899856686592102,394.70111083984375,1375.93212890625,0.9750893712043762,398.1619873046875,1322.3143310546875,0.8757265210151672
275,255.10743713378906,488.40771484375,0.15486188232898712,252.29254150390625,468.6121520996094,0.090505450963974,265.52801513671875,465.5147705078125,0.0021428270265460014,286.5528564453125,455.3905029296875,0.772913932800293,345.9375915527344,447.5771789550781,0.06649544835090637,363.5575866699219,558.24951171875,0.9978972673416138,402.0042724609375,536.5045166015625,0.9608239531517029,350.82159423828125,743.7593994140625,0.9973276853561401,391.5400695800781,710.0286865234375,0.550926923751831,258.03717041015625,673.154052734375,0.9922139048576355,284.57891845703125,666.1968994140625,0.7904101014137268,395.5871276855469,877.328125,0.9923189282417297,435.14556884765625,861.428466796875,0.9627939462661743,356.2503662109375,1124.8619384765625,0.9968562126159668,385.5231628417969,1106.577392578125,0.9801571369171143,389.41314697265625,1373.669189453125,0.9784327745437622,408.4071044921875,1321.5831298828125,0.9568659067153931
276,259.4602966308594,518.5460205078125,0.198944091796875,254.3399200439453,496.7357177734375,0.16364020109176636,265.20867919921875,495.9676818847656,0.0030654999427497387,283.4689636230469,477.79144287109375,0.8401374816894531,334.94390869140625,477.1359558105469,0.05004081875085831,359.83087158203125,579.2796630859375,0.9975311160087585,394.27166748046875,557.9166259765625,0.9321417212486267,328.8966064453125,761.7882690429688,0.9970206618309021,373.5607604980469,724.3855590820312,0.3236217200756073,248.32012939453125,683.1799926757812,0.991194486618042,276.1359558105469,676.6737670898438,0.43910521268844604,408.27618408203125,899.7274169921875,0.9909915924072266,440.43402099609375,882.8937377929688,0.9575930237770081,337.7003173828125,1130.8065185546875,0.9970089793205261,376.4442443847656,1105.828857421875,0.9848985075950623,383.7166748046875,1369.35986328125,0.9739209413528442,413.374267578125,1289.364990234375,0.9689318537712097
277,250.68792724609375,566.0723266601562,0.10285987704992294,246.43284606933594,546.5833129882812,0.06324080377817154,259.4530944824219,541.5601806640625,0.0027957004494965076,274.9944152832031,525.6880493164062,0.5917006134986877,328.6866760253906,515.6742553710938,0.0620993971824646,352.9726867675781,612.1322631835938,0.9966082572937012,382.1127014160156,589.615478515625,0.9535689353942871,318.6011962890625,797.1754760742188,0.997089684009552,352.9163513183594,761.09619140625,0.5769957900047302,243.17630004882812,702.1586303710938,0.9786862730979919,270.46551513671875,700.2142944335938,0.7086182832717896,424.59991455078125,916.6203002929688,0.9938439130783081,427.09747314453125,891.4739379882812,0.9858521223068237,317.6351013183594,1137.3792724609375,0.9979026317596436,330.4115295410156,1068.01416015625,0.9965298771858215,385.86907958984375,1377.7327880859375,0.9408810138702393,409.05914306640625,1252.4083251953125,0.9825307726860046
278,262.66815185546875,611.9617919921875,0.18681871891021729,260.1127624511719,589.5313110351562,0.20472925901412964,265.0569763183594,589.4346313476562,0.048599787056446075,287.4508972167969,572.6085205078125,0.27933797240257263,314.896728515625,574.094970703125,0.09562212228775024,351.6820068359375,662.794677734375,0.9288363456726074,378.7685241699219,647.2418212890625,0.7519349455833435,314.5253601074219,832.1348266601562,0.9842244386672974,323.5179138183594,807.018798828125,0.6471696496009827,238.91390991210938,733.4888916015625,0.8926263451576233,251.2059326171875,732.7222900390625,0.842401385307312,415.9391784667969,942.5606079101562,0.9525483846664429,406.5142517089844,916.2666015625,0.9294757843017578,303.57696533203125,1146.240234375,0.9970797896385193,327.20892333984375,1062.939697265625,0.9957465529441833,388.6768493652344,1383.9171142578125,0.9537136554718018,405.3681640625,1256.490234375,0.9838379621505737
279,244.19744873046875,663.2059326171875,0.23474277555942535,244.24710083007812,643.4268798828125,0.18760059773921967,249.30670166015625,640.0848388671875,0.011300667189061642,282.88543701171875,619.8797607421875,0.574963390827179,306.9877014160156,613.1893920898438,0.03559684008359909,345.37054443359375,702.3761596679688,0.9964699745178223,366.51202392578125,675.6572265625,0.9655476212501526,295.0436706542969,878.3201293945312,0.9986522793769836,322.109130859375,839.59716796875,0.7018010020256042,237.16502380371094,774.0130615234375,0.9751385450363159,261.765625,774.0125122070312,0.5963083505630493,441.1556701660156,981.639404296875,0.9963973164558411,430.0523376464844,948.0792236328125,0.9946044087409973,284.11224365234375,1164.41357421875,0.9981656670570374,300.8401794433594,1043.238037109375,0.9987295269966125,388.0865478515625,1379.068603515625,0.9225942492485046,400.6802062988281,1241.140380859375,0.9930184483528137
280,224.57411193847656,697.1643676757812,0.47427794337272644,227.35304260253906,677.0490112304688,0.45236775279045105,229.18960571289062,675.6754150390625,0.03443954512476921,273.07281494140625,660.3572998046875,0.6426350474357605,288.4206848144531,656.71875,0.024895556271076202,337.7682800292969,747.2133178710938,0.995755672454834,353.65972900390625,722.7146606445312,0.963306725025177,284.44427490234375,923.4830932617188,0.998860239982605,317.28021240234375,885.56298828125,0.7720084190368652,227.91917419433594,810.6376342773438,0.9784033298492432,251.19410705566406,810.5633544921875,0.7705549001693726,449.79510498046875,1012.2464599609375,0.9957205653190613,434.95159912109375,977.25732421875,0.9941923022270203,278.0987854003906,1180.160888671875,0.9976469874382019,290.8388671875,1044.3992919921875,0.9986225366592407,390.1906433105469,1379.46728515625,0.9144578576087952,401.759033203125,1240.9141845703125,0.9935814142227173
281,218.0675811767578,740.0878295898438,0.4391361176967621,222.64126586914062,720.600830078125,0.4407089650630951,224.0111846923828,719.3699951171875,0.06055000424385071,270.296142578125,709.5068969726562,0.5859700441360474,283.46331787109375,704.6752319335938,0.04415381699800491,337.3031311035156,791.3678588867188,0.9945948719978333,340.9565734863281,763.8748779296875,0.9636236429214478,279.6874694824219,966.5289916992188,0.9989829659461975,307.43719482421875,917.4359130859375,0.654841959476471,226.72903442382812,844.8316040039062,0.9854785203933716,246.82571411132812,846.5084228515625,0.5432184338569641,457.77459716796875,1045.921142578125,0.9954990744590759,433.09185791015625,1010.2423706054688,0.9938230514526367,275.01239013671875,1183.720947265625,0.9973422884941101,290.9404602050781,1048.623779296875,0.9981573224067688,390.871826171875,1378.125,0.953825056552887,407.2327575683594,1241.0552978515625,0.9958966970443726
282,220.27757263183594,764.0621948242188,0.31615403294563293,227.30291748046875,745.0770263671875,0.38182011246681213,230.13682556152344,743.7954711914062,0.04654203727841377,278.54241943359375,741.1658935546875,0.6190117001533508,296.0895080566406,733.5165405273438,0.0608091726899147,339.21063232421875,832.0966186523438,0.9948273301124573,353.6288146972656,803.8372192382812,0.9685479998588562,280.52044677734375,1009.4481811523438,0.9986315369606018,314.6222839355469,962.6907958984375,0.8323630690574646,227.46060180664062,884.6724853515625,0.9846886396408081,250.8192138671875,882.1546630859375,0.8445519804954529,464.9692077636719,1078.555419921875,0.9957277774810791,448.4308776855469,1042.2012939453125,0.9913643598556519,267.69189453125,1186.6368408203125,0.9973315000534058,277.43157958984375,1053.564697265625,0.9940763711929321,399.4319152832031,1370.3917236328125,0.9693311452865601,390.0088195800781,1210.216552734375,0.9911381602287292
283,226.92063903808594,806.9122924804688,0.3727158308029175,235.35093688964844,786.141845703125,0.41580161452293396,231.80792236328125,786.2822875976562,0.07064466178417206,285.37664794921875,777.6028442382812,0.6451203227043152,287.2318420410156,774.4271850585938,0.0757153332233429,338.075927734375,864.6343383789062,0.9954647421836853,342.7855529785156,840.2096557617188,0.971869170665741,282.65728759765625,1043.533447265625,0.9980320334434509,307.26678466796875,1009.302001953125,0.49700796604156494,235.4801025390625,913.138427734375,0.9870895743370056,248.138916015625,925.1690673828125,0.3668266534805298,472.02435302734375,1104.34033203125,0.9958932399749756,456.19775390625,1077.5477294921875,0.9875286817550659,265.8106689453125,1188.922119140625,0.9957742094993591,296.8160400390625,1102.2783203125,0.9738621711730957,392.3355712890625,1378.1995849609375,0.9882738590240479,410.191650390625,1238.4039306640625,0.9879679679870605
284,218.4751739501953,820.69970703125,0.27974334359169006,222.5916290283203,800.2509765625,0.23729419708251953,226.788330078125,798.2035522460938,0.01601349748671055,263.842529296875,793.48974609375,0.64406818151474,290.5985107421875,786.3688354492188,0.04436297342181206,334.4649963378906,885.7025756835938,0.9963935017585754,342.8984069824219,859.9422607421875,0.9737783670425415,279.78515625,1059.7611083984375,0.9981866478919983,304.632080078125,1028.6396484375,0.6395139694213867,238.85345458984375,935.1975708007812,0.9877840876579285,251.7941131591797,943.2077026367188,0.4942338764667511,468.91119384765625,1123.859619140625,0.9935870170593262,458.249267578125,1096.0880126953125,0.9790453314781189,262.9201965332031,1196.0526123046875,0.9960737228393555,293.9537353515625,1112.078125,0.9743029475212097,391.16326904296875,1379.192138671875,0.9871952533721924,414.05767822265625,1241.107666015625,0.9862809181213379
285,217.9434814453125,818.8417358398438,0.2515009641647339,221.1248779296875,798.5665283203125,0.2062138170003891,227.95263671875,796.6176147460938,0.012825438752770424,261.995361328125,794.7532958984375,0.6544593572616577,297.4435119628906,787.3870849609375,0.04769662395119667,334.8670654296875,892.0281982421875,0.9964832067489624,351.1675720214844,863.1725463867188,0.9742316603660583,282.1639404296875,1067.2667236328125,0.9979945421218872,312.80621337890625,1033.3857421875,0.6035974025726318,238.78860473632812,942.8302612304688,0.9880460500717163,251.89944458007812,951.2139282226562,0.4968738555908203,467.71624755859375,1131.58642578125,0.992367684841156,463.1590881347656,1101.4056396484375,0.9771156311035156,259.8392639160156,1197.1455078125,0.9951778650283813,287.6597900390625,1108.079833984375,0.9744235873222351,393.3238525390625,1379.4378662109375,0.9840753674507141,417.0353088378906,1236.9827880859375,0.9867748022079468
286,250.31207275390625,836.339599609375,0.10751421004533768,256.10992431640625,818.0112915039062,0.03420025482773781,254.577880859375,817.88916015625,0.006446413695812225,292.90814208984375,803.8388671875,0.09098400920629501,299.86749267578125,801.505615234375,0.01342709083110094,337.22198486328125,876.4979248046875,0.9863298535346985,360.3158874511719,851.9766845703125,0.8763853311538696,286.6072692871094,1058.4140625,0.9978697299957275,321.3284606933594,1009.4846801757812,0.47259071469306946,246.6501922607422,923.3526611328125,0.983667254447937,255.2604217529297,929.5346069335938,0.36219027638435364,473.56884765625,1116.994873046875,0.9920992851257324,475.2567138671875,1088.84619140625,0.9715525507926941,262.03179931640625,1194.1290283203125,0.9924627542495728,303.1119689941406,1099.37109375,0.9476506114006042,394.4647521972656,1378.8128662109375,0.9872738122940063,418.8301086425781,1236.1148681640625,0.986920952796936
287,225.02032470703125,774.2904663085938,0.26692014932632446,230.4527587890625,755.1197509765625,0.34050479531288147,237.6709442138672,751.9618530273438,0.024974670261144638,280.2669982910156,753.717041015625,0.7652592658996582,310.9243469238281,742.6928100585938,0.07752979546785355,348.57568359375,843.5716552734375,0.9969881176948547,359.94683837890625,820.8148193359375,0.9730292558670044,292.7226867675781,1013.6798095703125,0.9984017014503479,317.283203125,986.75732421875,0.6653000712394714,247.1093292236328,896.8800659179688,0.9880479574203491,258.52099609375,904.1524658203125,0.6020355224609375,479.5927429199219,1088.9683837890625,0.9957672357559204,461.3453063964844,1058.71337890625,0.9848726987838745,272.2228698730469,1186.43603515625,0.9968896508216858,289.54034423828125,1080.77685546875,0.9799391031265259,398.11407470703125,1375.266357421875,0.9845358729362488,410.20550537109375,1218.7784423828125,0.9872912764549255
288,253.82077026367188,745.2325439453125,0.3451819121837616,258.40234375,725.7197265625,0.4006350040435791,261.9445495605469,724.3178100585938,0.03525763005018234,304.137939453125,719.0494995117188,0.7732874155044556,323.24285888671875,713.3363037109375,0.06608229130506516,357.5378723144531,802.2314453125,0.996187150478363,373.534912109375,782.7202758789062,0.9690808653831482,302.75897216796875,969.21044921875,0.9988665580749512,318.5958251953125,941.2954711914062,0.7600017786026001,252.5753936767578,857.5655517578125,0.9862072467803955,260.4356689453125,860.612060546875,0.7374722361564636,478.3595886230469,1065.2421875,0.9958750605583191,468.9705810546875,1031.4254150390625,0.9918911457061768,280.29791259765625,1185.0137939453125,0.9978594183921814,307.8047180175781,1036.7911376953125,0.9972353577613831,402.912353515625,1370.4027099609375,0.9724085927009583,410.1283874511719,1224.0062255859375,0.9963715076446533
289,259.4542541503906,682.375244140625,0.47619521617889404,265.5386962890625,662.4881591796875,0.4648043215274811,265.5972900390625,664.1965942382812,0.05498691275715828,313.87164306640625,656.7056274414062,0.6644247770309448,323.0975341796875,657.1882934570312,0.043622300028800964,366.1678161621094,754.615966796875,0.9958433508872986,374.64923095703125,735.1884765625,0.9715257287025452,312.4930419921875,926.2032470703125,0.998683750629425,336.4350891113281,897.64501953125,0.7536170482635498,257.37713623046875,818.2409057617188,0.9802723526954651,268.2607421875,819.4307861328125,0.7526809573173523,481.2593078613281,1018.27783203125,0.9955524802207947,463.1355285644531,986.5970458984375,0.9936457872390747,297.9344787597656,1173.21728515625,0.9971223473548889,314.75982666015625,1038.9384765625,0.9978840947151184,410.5961608886719,1375.8331298828125,0.9447872042655945,421.4556884765625,1230.47412109375,0.9951584935188293
290,274.76226806640625,641.9144897460938,0.27608543634414673,273.88140869140625,621.5567626953125,0.21387341618537903,280.8343811035156,620.6830444335938,0.009882450103759766,309.0225830078125,607.5626220703125,0.652730405330658,339.2812194824219,605.4683837890625,0.027706075459718704,370.6735534667969,704.8341064453125,0.9968037605285645,390.29583740234375,681.9781494140625,0.9543032646179199,325.68682861328125,878.0462646484375,0.9987820982933044,362.995361328125,838.9613037109375,0.3923420011997223,262.4398193359375,770.0223999023438,0.9870032668113708,291.701171875,771.4588623046875,0.3289026916027069,470.6430969238281,983.3560791015625,0.9966558218002319,460.8004455566406,951.1513061523438,0.994149923324585,312.43243408203125,1160.9600830078125,0.9973113536834717,327.080810546875,1031.81982421875,0.9982916712760925,417.9468994140625,1373.0867919921875,0.9313543438911438,423.1500244140625,1233.265869140625,0.9957447648048401
291,285.3146667480469,592.2098999023438,0.1470290571451187,282.95733642578125,572.1634521484375,0.10527245700359344,293.8901062011719,570.494873046875,0.006012762431055307,312.5377197265625,558.42431640625,0.5848162770271301,357.08673095703125,553.5584716796875,0.055073536932468414,374.0511779785156,660.8052978515625,0.9965496063232422,405.2883605957031,633.432373046875,0.9544566869735718,341.54962158203125,836.7279052734375,0.9980118274688721,374.8795166015625,795.1427001953125,0.6334876418113708,271.1576843261719,739.8268432617188,0.9809883832931519,292.8291015625,743.6008911132812,0.8174368143081665,467.0986328125,947.1954345703125,0.9957152009010315,462.0221252441406,914.6334228515625,0.9930680990219116,329.589111328125,1150.7301025390625,0.9964906573295593,344.7921447753906,1030.555419921875,0.9977235198020935,424.92840576171875,1375.33642578125,0.9098154902458191,430.00958251953125,1236.2926025390625,0.9925520420074463
292,292.4524230957031,554.392578125,0.1589137315750122,290.8311767578125,532.035888671875,0.16297504305839539,301.0102233886719,531.8649291992188,0.00691572530195117,327.9472961425781,511.82861328125,0.8255615234375,368.70159912109375,510.1031188964844,0.10540232062339783,384.27728271484375,616.1785278320312,0.9975479245185852,417.85711669921875,594.1478271484375,0.9699212312698364,364.65283203125,797.9539794921875,0.9973681569099426,412.6226501464844,751.01025390625,0.3329595625400543,284.19415283203125,717.2379150390625,0.9850404262542725,327.9326477050781,705.0731201171875,0.3301888406276703,462.0500183105469,909.7057495117188,0.9960684776306152,464.148681640625,887.841552734375,0.9894188642501831,353.8199157714844,1131.9676513671875,0.9978392720222473,373.561279296875,1058.3094482421875,0.9952775239944458,422.9124450683594,1363.0152587890625,0.9579697847366333,439.67706298828125,1240.46923828125,0.9862852096557617
293,309.6812438964844,513.3775024414062,0.194339781999588,309.37744140625,492.9029541015625,0.14864270389080048,318.0281677246094,493.3533630371094,0.004935502074658871,347.58514404296875,477.3180847167969,0.7888640761375427,386.9259338378906,476.4082946777344,0.07215417176485062,400.2766418457031,580.944580078125,0.9967845678329468,434.2327575683594,562.7009887695312,0.9526432752609253,381.1204528808594,757.3382568359375,0.9970436692237854,417.4983825683594,719.439208984375,0.35713425278663635,292.1348876953125,700.8509521484375,0.9858260750770569,323.85101318359375,693.0816650390625,0.5058824419975281,458.4889221191406,883.98388671875,0.9927433729171753,480.2315979003906,869.3361206054688,0.9770066142082214,377.30523681640625,1114.330810546875,0.9977172613143921,408.2096862792969,1078.1728515625,0.9929482936859131,421.20263671875,1360.28759765625,0.9688864350318909,448.28955078125,1254.16259765625,0.9809375405311584
294,322.83642578125,478.4017639160156,0.06790084391832352,322.74603271484375,459.7533264160156,0.03705986216664314,334.200927734375,458.1308898925781,0.002186248078942299,353.67645263671875,451.7712097167969,0.6787033081054688,406.009033203125,445.3334655761719,0.11943314969539642,400.5741882324219,553.4671630859375,0.9971851706504822,452.80218505859375,533.5558471679688,0.9497676491737366,402.74835205078125,733.706787109375,0.9980706572532654,447.0724792480469,695.8851928710938,0.27195167541503906,305.9119873046875,684.8671875,0.9885059595108032,352.11090087890625,672.1787109375,0.31343531608581543,450.7665710449219,860.0828247070312,0.9938363432884216,495.7611389160156,846.8453979492188,0.9715533256530762,405.48016357421875,1104.1016845703125,0.9968770742416382,436.4442138671875,1074.881591796875,0.9829221963882446,428.9615173339844,1355.1044921875,0.9839741587638855,444.23101806640625,1287.2318115234375,0.9795466065406799
295,322.4393310546875,468.1099853515625,0.06171344593167305,321.4481506347656,447.8795166015625,0.060946669429540634,335.97088623046875,445.44403076171875,0.0019952384755015373,357.03826904296875,436.5439453125,0.8706421256065369,416.43743896484375,426.96575927734375,0.19736842811107635,408.6291198730469,542.4267578125,0.9984341263771057,459.0987548828125,520.1333618164062,0.9510741233825684,410.44915771484375,715.0513916015625,0.9974850416183472,435.48919677734375,661.592041015625,0.11967403441667557,314.59857177734375,680.23583984375,0.9896379709243774,348.31170654296875,654.8863525390625,0.19004501402378082,439.3229064941406,852.7885131835938,0.993863582611084,486.13543701171875,836.4628295898438,0.9548050761222839,422.7440185546875,1090.8983154296875,0.9965487122535706,442.2593078613281,1048.78173828125,0.9642265439033508,435.212646484375,1342.9559326171875,0.9855440258979797,430.6788635253906,1233.756103515625,0.9757429957389832
296,333.00518798828125,456.7980651855469,0.07912371307611465,334.22894287109375,436.82501220703125,0.05390951782464981,344.82086181640625,435.8627624511719,0.0025834732223302126,371.6073913574219,428.82135009765625,0.7494617104530334,417.3164978027344,422.30340576171875,0.13370846211910248,420.6189880371094,535.3483276367188,0.9980693459510803,452.3551025390625,518.1372680664062,0.9462021589279175,419.9390869140625,710.46044921875,0.9976623058319092,432.318603515625,661.5792236328125,0.08875980228185654,321.9833984375,661.7020874023438,0.9892014265060425,356.653076171875,643.9100341796875,0.10769152641296387,439.5887145996094,856.7544555664062,0.9936528205871582,470.2618713378906,842.0464477539062,0.9570361971855164,433.99908447265625,1098.7109375,0.9976258873939514,436.9803771972656,1052.13232421875,0.9791780710220337,445.39788818359375,1341.7867431640625,0.9891558289527893,431.1037292480469,1220.95458984375,0.9867268800735474
297,348.4576721191406,447.0892333984375,0.03672008216381073,349.0126037597656,427.6095886230469,0.020754870027303696,361.1688537597656,424.8914794921875,0.0018744798144325614,375.9378356933594,423.2372741699219,0.5893476009368896,428.4670104980469,413.00860595703125,0.18778017163276672,425.1398010253906,532.1046752929688,0.997385561466217,458.3407287597656,513.1857299804688,0.9075239896774292,426.3670959472656,711.5641479492188,0.9971014857292175,436.03851318359375,659.4528198242188,0.0704476609826088,330.0279541015625,657.9215087890625,0.9859744906425476,353.7059020996094,640.6712036132812,0.1305689513683319,434.302734375,854.9144287109375,0.9935740828514099,458.5577392578125,837.79150390625,0.9504422545433044,438.20953369140625,1094.898193359375,0.9974561333656311,430.5906677246094,1045.665771484375,0.9743030667304993,453.4120178222656,1332.294677734375,0.9914278388023376,434.8998107910156,1204.58349609375,0.9883710741996765
298,355.2903747558594,441.4524230957031,0.027974935248494148,355.527587890625,421.209228515625,0.014474613592028618,368.5111083984375,418.7749938964844,0.001420932007022202,382.49298095703125,416.7182922363281,0.6469746828079224,434.7721862792969,407.3208923339844,0.22802338004112244,435.7351379394531,527.5795288085938,0.9976215958595276,451.5926818847656,510.97802734375,0.9261049032211304,430.68017578125,709.2872314453125,0.9960969090461731,419.1429748535156,656.8241577148438,0.06048271432518959,332.848388671875,652.1551513671875,0.9851456880569458,348.007568359375,640.679931640625,0.10312753170728683,433.45623779296875,852.31494140625,0.9935153722763062,444.9306335449219,836.5853881835938,0.9627606868743896,439.93682861328125,1090.16796875,0.9976741671562195,418.9774169921875,1042.7496337890625,0.9871075749397278,458.8663024902344,1320.124755859375,0.9906229376792908,435.3242492675781,1192.44091796875,0.9931053519248962
299,352.65093994140625,434.07513427734375,0.05427444726228714,355.4720458984375,414.5720520019531,0.025730863213539124,365.3573913574219,413.3136901855469,0.0018346544820815325,391.787841796875,409.3942565917969,0.5823729038238525,432.98724365234375,401.8150939941406,0.11198889464139938,440.642822265625,524.109375,0.9974195957183838,453.93487548828125,506.9989318847656,0.9122137427330017,431.82269287109375,707.5206298828125,0.996501088142395,425.9067687988281,652.8634643554688,0.04168399050831795,331.70281982421875,644.8407592773438,0.9848790764808655,347.5162353515625,634.378662109375,0.07953386753797531,433.91790771484375,850.5341796875,0.9942335486412048,442.84088134765625,835.6600952148438,0.9638739824295044,436.4971923828125,1088.9588623046875,0.9974520802497864,415.4571533203125,1047.7708740234375,0.984291672706604,457.9639892578125,1317.6787109375,0.9872199296951294,434.7345886230469,1195.520263671875,0.9895502924919128
300,350.5373840332031,436.1438293457031,0.07130087912082672,352.73870849609375,415.676025390625,0.04907616227865219,362.532958984375,413.8870544433594,0.002888962859287858,391.50146484375,405.90985107421875,0.6805629730224609,429.886962890625,397.7806396484375,0.09386612474918365,445.8731689453125,516.5886840820312,0.9978386759757996,454.5129089355469,498.2410888671875,0.9086030721664429,431.6029357910156,703.8681030273438,0.9950855374336243,436.4169921875,652.1489868164062,0.032221537083387375,330.5669860839844,637.04150390625,0.9663132429122925,362.4172058105469,627.4423828125,0.04696790128946304,432.5229797363281,844.7611083984375,0.9919775128364563,441.9894104003906,829.187255859375,0.9266924262046814,433.323486328125,1082.7156982421875,0.9960946440696716,421.6312255859375,1045.7183837890625,0.9427581429481506,457.7718200683594,1316.845458984375,0.9810117483139038,438.508544921875,1202.2623291015625,0.9566489458084106
301,,,,,,,,,,,,,,,,,,,,,,,,,,,,,,,,,,,,,,,,,,,,,,,,,,,
302,333.6256103515625,441.2963562011719,0.07429830729961395,333.39453125,421.2884521484375,0.06307554990053177,347.0248107910156,417.3033752441406,0.0028496209997683764,372.2220153808594,409.7262268066406,0.7764398455619812,428.51043701171875,398.24560546875,0.1208331435918808,437.135498046875,513.07373046875,0.9988017082214355,480.282470703125,497.9822692871094,0.9495624899864197,420.87603759765625,699.0200805664062,0.996830403804779,459.0386962890625,660.3541870117188,0.04199044406414032,323.6820373535156,624.8496704101562,0.9819456934928894,375.2743225097656,622.6494750976562,0.045428428798913956,434.6146240234375,832.254638671875,0.9957748055458069,478.4125671386719,816.1173095703125,0.9491672515869141,424.42962646484375,1074.783935546875,0.9955305457115173,436.1888427734375,1043.7860107421875,0.887572169303894,454.681640625,1316.7137451171875,0.9713411331176758,453.9471435546875,1235.302978515625,0.8642908334732056
303,335.5638732910156,457.3875732421875,0.09480972588062286,331.1628723144531,437.20025634765625,0.08094087243080139,345.75177001953125,432.56915283203125,0.002684633247554302,361.9717102050781,418.0809631347656,0.8074709177017212,421.78863525390625,407.7129821777344,0.10332545638084412,434.174072265625,515.5048828125,0.9987837672233582,475.18505859375,493.2209777832031,0.9366632699966431,407.7342224121094,700.7335205078125,0.9959771037101746,451.320068359375,662.10400390625,0.038696594536304474,321.1432800292969,619.545166015625,0.9739204049110413,370.1557922363281,635.687255859375,0.04584489017724991,445.4698181152344,839.9340209960938,0.9944449067115784,488.7584533691406,821.662353515625,0.9630416631698608,411.04705810546875,1080.1397705078125,0.9970188140869141,436.7720031738281,1051.8916015625,0.9788612723350525,453.6643981933594,1310.016357421875,0.9738374948501587,470.21160888671875,1226.4425048828125,0.9643591046333313
304,330.1805725097656,477.318359375,0.12249831110239029,327.3615417480469,456.9543762207031,0.09325826168060303,338.85986328125,453.439453125,0.003755865152925253,356.63812255859375,438.287353515625,0.8525159955024719,408.444580078125,430.5225524902344,0.12937681376934052,425.4501647949219,534.5687866210938,0.9986518025398254,458.26544189453125,516.38623046875,0.9598709940910339,392.04986572265625,710.418701171875,0.997536301612854,436.2655334472656,678.818115234375,0.09086362272500992,315.3055114746094,619.55615234375,0.9875152111053467,349.1285400390625,634.2921142578125,0.09213342517614365,463.69146728515625,848.7333984375,0.9937060475349426,497.2857360839844,832.654541015625,0.9686849117279053,403.54046630859375,1078.96044921875,0.9973746538162231,436.867919921875,1049.5758056640625,0.9856241941452026,451.4208679199219,1311.3197021484375,0.9791441559791565,472.6787109375,1222.8663330078125,0.9780411124229431
305,325.7617492675781,514.9888305664062,0.2644846439361572,328.207763671875,493.75537109375,0.24239879846572876,330.0867614746094,493.3344421386719,0.012486236169934273,372.2591247558594,471.5241394042969,0.836574137210846,388.7113342285156,470.38873291015625,0.06314447522163391,427.0968933105469,564.8171997070312,0.9981067180633545,445.2284240722656,546.069091796875,0.9608948230743408,385.84112548828125,742.7349853515625,0.9985529780387878,412.6520080566406,701.6636962890625,0.20198558270931244,313.8765563964844,641.896240234375,0.980463445186615,336.7009582519531,645.2462768554688,0.22925329208374023,491.93798828125,860.8057861328125,0.9952859282493591,490.9929504394531,838.1705322265625,0.9885103106498718,386.44158935546875,1079.27490234375,0.9978506565093994,394.6400146484375,1000.3341674804688,0.9969574213027954,454.8545227050781,1314.9241943359375,0.9441732168197632,467.98052978515625,1181.24658203125,0.9903833270072937
306,319.291259765625,562.9257202148438,0.20095480978488922,317.0980529785156,542.0744018554688,0.21740886569023132,326.40057373046875,540.21240234375,0.01036069355905056,354.5340270996094,521.9593505859375,0.7616868019104004,392.6640319824219,517.8607177734375,0.07012441754341125,427.7711486816406,600.42138671875,0.9971784353256226,444.51220703125,577.8734130859375,0.9425091743469238,378.53204345703125,772.239501953125,0.9980904459953308,405.77880859375,732.287841796875,0.29315775632858276,310.844482421875,679.6094970703125,0.9773050546646118,334.4531555175781,676.4695434570312,0.295197457075119,508.1529541015625,882.4159545898438,0.9928995370864868,497.677734375,854.843017578125,0.9837280511856079,385.6792297363281,1080.217529296875,0.9974594712257385,378.64642333984375,985.89306640625,0.9971211552619934,459.1353454589844,1307.9520263671875,0.9329202175140381,472.6417236328125,1177.048095703125,0.9897603392601013
307,308.016845703125,575.6527099609375,0.16881614923477173,305.7626953125,556.9630126953125,0.11564458161592484,316.8053894042969,553.1024169921875,0.007363670971244574,332.4083557128906,547.3445434570312,0.651787281036377,379.43707275390625,538.88427734375,0.07235392928123474,412.10992431640625,633.0540771484375,0.997121274471283,425.11151123046875,611.8140869140625,0.9692500233650208,368.1537780761719,804.052978515625,0.9984627962112427,392.33892822265625,766.0469360351562,0.6255196928977966,305.7681579589844,705.638427734375,0.9825351238250732,327.76861572265625,704.3284301757812,0.5864827632904053,518.3534545898438,902.222412109375,0.9949682354927063,501.3154296875,873.6707153320312,0.9917621612548828,374.25048828125,1080.5277099609375,0.9983552098274231,370.42181396484375,978.2760620117188,0.9986110925674438,464.1001892089844,1296.491943359375,0.9513240456581116,469.7344665527344,1168.9156494140625,0.9941512942314148
308,296.2858581542969,630.8145141601562,0.34634941816329956,294.57183837890625,609.8143920898438,0.36369091272354126,302.42364501953125,607.931396484375,0.01657266542315483,331.1705017089844,591.0578002929688,0.7585926055908203,363.8027038574219,587.2451782226562,0.03534524887800217,408.4183044433594,673.1986694335938,0.9969820380210876,417.3294677734375,650.8135986328125,0.9657405614852905,357.02484130859375,841.6824340820312,0.99858558177948,379.65521240234375,807.758544921875,0.6758560538291931,300.31231689453125,733.1888427734375,0.9805791974067688,313.15338134765625,734.543701171875,0.5941859483718872,523.8093872070312,927.3536987304688,0.9941890239715576,499.0110168457031,896.0619506835938,0.9910878539085388,365.5143127441406,1089.819091796875,0.9973651766777039,359.23150634765625,970.4733276367188,0.9982898831367493,457.23480224609375,1288.8997802734375,0.924588143825531,468.1512756347656,1160.536865234375,0.9933156371116638
309,293.7475280761719,664.971923828125,0.3729378283023834,294.4217834472656,644.99169921875,0.37906861305236816,298.3315124511719,643.412841796875,0.031955890357494354,333.8734130859375,624.2318115234375,0.7062293887138367,354.07171630859375,620.6943359375,0.045670878142118454,404.1051330566406,705.5989990234375,0.9970576763153076,412.845458984375,680.2661743164062,0.9672407507896423,350.49249267578125,874.1365356445312,0.9990689158439636,375.2875671386719,837.5000610351562,0.6205087304115295,295.88153076171875,765.5772094726562,0.9887492656707764,309.9713134765625,769.7319946289062,0.5539788007736206,524.7250366210938,950.4019165039062,0.9962359070777893,497.3779296875,916.2932739257812,0.9928169250488281,355.8908386230469,1091.1337890625,0.9978182315826416,355.7093505859375,963.7239990234375,0.9976499676704407,460.6528015136719,1271.040283203125,0.9578293561935425,470.48211669921875,1144.952880859375,0.99408358335495
310,286.50347900390625,691.1744384765625,0.6032238602638245,294.46844482421875,670.4268188476562,0.6893684267997742,287.90765380859375,671.7556762695312,0.1211877167224884,346.73138427734375,659.4002685546875,0.8313650488853455,334.56658935546875,660.589111328125,0.045931991189718246,401.151123046875,741.1744995117188,0.9947787523269653,393.7570495605469,717.8285522460938,0.9701855182647705,349.72283935546875,904.6744995117188,0.9986438155174255,358.71002197265625,866.4627685546875,0.7177497744560242,293.2110900878906,791.919677734375,0.9902355074882507,303.887939453125,793.1858520507812,0.6837102770805359,526.1099853515625,970.3121337890625,0.9962762594223022,496.220458984375,937.9916381835938,0.9907384514808655,345.3486328125,1090.198486328125,0.9985907673835754,345.8622741699219,956.1937866210938,0.9952601790428162,465.2498474121094,1261.7208251953125,0.9825313687324524,456.1736755371094,1121.5047607421875,0.9925041198730469
311,285.9324035644531,713.8173217773438,0.19053314626216888,286.0762939453125,695.9108276367188,0.2327583134174347,295.8392028808594,692.086669921875,0.017787620425224304,320.98248291015625,684.5352783203125,0.7501006126403809,358.9081726074219,674.3416748046875,0.07930471003055573,391.6893310546875,766.0197143554688,0.9963316321372986,402.2388610839844,736.4210205078125,0.9570596814155579,341.88995361328125,926.3502807617188,0.9983221888542175,361.3427734375,888.9269409179688,0.4329884350299835,289.6185607910156,813.6944580078125,0.9908028841018677,298.03948974609375,822.52685546875,0.4481523931026459,521.486083984375,998.9298095703125,0.9976071119308472,496.0216369628906,959.9815063476562,0.9906050562858582,331.9626770019531,1096.2266845703125,0.9982669353485107,326.69427490234375,946.080810546875,0.9913843870162964,459.6878356933594,1257.8009033203125,0.9819427132606506,442.22076416015625,1104.8067626953125,0.9915058016777039
312,280.9541931152344,728.5147705078125,0.31392231583595276,283.45068359375,709.877197265625,0.38520577549934387,287.7762145996094,707.55810546875,0.028335269540548325,323.0680236816406,698.7080688476562,0.7896403670310974,344.89849853515625,692.275634765625,0.052514612674713135,393.9761047363281,781.4362182617188,0.9964706897735596,391.7549133300781,754.9384765625,0.9592333436012268,338.78607177734375,947.9541015625,0.9982196688652039,362.4645690917969,914.9769287109375,0.34372830390930176,288.5188903808594,830.1372680664062,0.9909405708312988,300.3831481933594,852.5294189453125,0.29172638058662415,526.8487548828125,1005.1688232421875,0.9965766072273254,496.27508544921875,975.8062744140625,0.9846007227897644,332.7337951660156,1088.9342041015625,0.9975460171699524,329.4151916503906,993.3173217773438,0.97613924741745,456.62738037109375,1262.225341796875,0.9893538951873779,459.59771728515625,1109.497314453125,0.9867959022521973
313,277.63446044921875,728.573974609375,0.31733256578445435,282.5403747558594,709.6526489257812,0.3619259297847748,284.49627685546875,707.691650390625,0.02866671420633793,326.79327392578125,701.2589721679688,0.7764924764633179,340.8216857910156,694.8634033203125,0.0478951521217823,394.5772399902344,787.9342041015625,0.9963170289993286,390.1708679199219,761.1451416015625,0.9606235027313232,342.87310791015625,956.5697631835938,0.9979863166809082,362.82843017578125,920.1271362304688,0.3534228801727295,290.5979309082031,836.0849609375,0.991595447063446,300.92681884765625,859.2760009765625,0.3332189917564392,529.76953125,1010.64208984375,0.9955278038978577,500.41925048828125,984.1497802734375,0.9809753894805908,335.56109619140625,1087.463134765625,0.9970597624778748,333.163330078125,1008.6107788085938,0.9707483053207397,457.95233154296875,1260.70068359375,0.9904102087020874,464.1825256347656,1115.09814453125,0.9857857823371887
314,282.6922302246094,722.1774291992188,0.3518311679363251,287.9346618652344,703.9304809570312,0.37525713443756104,289.54998779296875,701.53466796875,0.03200457617640495,333.7401123046875,696.078369140625,0.787811279296875,346.9034729003906,688.7904663085938,0.05190097913146019,400.4148254394531,778.599853515625,0.996340274810791,397.550048828125,749.765380859375,0.9676837921142578,343.85711669921875,940.6736450195312,0.9982571005821228,370.51947021484375,901.41943359375,0.38030773401260376,293.3262634277344,821.4783325195312,0.993154764175415,305.3311767578125,840.4354248046875,0.34034454822540283,527.6806640625,999.5487670898438,0.9964056015014648,498.85107421875,970.2507934570312,0.9860123991966248,333.592041015625,1085.695556640625,0.9971668124198914,346.5129089355469,995.538818359375,0.977018415927887,462.85784912109375,1261.900146484375,0.9900264739990234,467.4040222167969,1120.0113525390625,0.9883617758750916
315,302.6694030761719,693.2161865234375,0.2748805284500122,307.1899108886719,673.709228515625,0.33599618077278137,307.2637634277344,673.9200439453125,0.04878505691885948,348.4838562011719,664.7920532226562,0.7244750261306763,354.8276062011719,663.1602783203125,0.0831376314163208,399.21148681640625,749.6826171875,0.9948659539222717,405.8399658203125,726.0958862304688,0.9653204679489136,354.83416748046875,910.6941528320312,0.9986695051193237,373.35955810546875,877.8719482421875,0.7228800654411316,296.68963623046875,800.5391235351562,0.9912342429161072,310.5469055175781,802.2471923828125,0.7151459455490112,524.2734985351562,983.3776245117188,0.9975033402442932,503.626953125,948.7562255859375,0.9918270111083984,337.6705627441406,1090.1121826171875,0.9984447360038757,348.17779541015625,943.6702270507812,0.9919547438621521,472.5879211425781,1251.2540283203125,0.9855776429176331,449.2391357421875,1101.958740234375,0.9917512536048889
316,287.87860107421875,644.2176513671875,0.34670329093933105,291.5791320800781,624.362548828125,0.35948190093040466,296.6275634765625,623.0443115234375,0.043234363198280334,337.2440490722656,618.0567626953125,0.6805877089500427,357.75970458984375,612.5999145507812,0.07297207415103912,409.9837646484375,705.2080688476562,0.9960825443267822,405.36102294921875,685.3328857421875,0.9784470200538635,359.86663818359375,872.856689453125,0.998977541923523,374.7906188964844,837.470458984375,0.7558445334434509,300.65521240234375,759.8028564453125,0.9877215027809143,312.7401123046875,765.6488037109375,0.6449445486068726,530.9857177734375,951.5060424804688,0.9962320923805237,500.84405517578125,918.9942016601562,0.9950214624404907,353.0590515136719,1073.73291015625,0.997035026550293,358.03857421875,939.2168579101562,0.9979835748672485,475.9765625,1247.657958984375,0.9693864583969116,463.72296142578125,1120.59130859375,0.9972670078277588
317,316.3685607910156,591.4411010742188,0.2548408806324005,317.68359375,572.812255859375,0.23833639919757843,323.9510803222656,570.6969604492188,0.019699735566973686,350.6481628417969,566.8973388671875,0.6826977729797363,378.92352294921875,560.1822509765625,0.06096316874027252,414.45147705078125,661.8975219726562,0.9967165589332581,419.65325927734375,631.1654052734375,0.9632713198661804,371.6815185546875,824.8236083984375,0.9985690116882324,391.6982727050781,780.4198608398438,0.5142175555229187,305.48553466796875,724.6968383789062,0.9851073622703552,326.4835205078125,725.6072998046875,0.4542608857154846,525.8596801757812,908.8621215820312,0.9955036044120789,503.2724914550781,875.8704833984375,0.9925438165664673,363.16839599609375,1056.563720703125,0.9969758987426758,367.14013671875,937.5775146484375,0.9977547526359558,483.0899658203125,1244.8170166015625,0.9552281498908997,473.35369873046875,1124.2921142578125,0.9955371618270874
318,319.437255859375,542.1611328125,0.36184296011924744,321.6541442871094,521.8754272460938,0.3241228759288788,325.79754638671875,521.0965576171875,0.01796242594718933,359.8961486816406,512.9693603515625,0.7773741483688354,380.2995300292969,509.78533935546875,0.04029887542128563,423.5138854980469,611.2225952148438,0.9968622922897339,426.10113525390625,588.5518188476562,0.9673049449920654,385.1669921875,784.030029296875,0.9985334873199463,410.274658203125,735.5366821289062,0.576205313205719,313.1639709472656,687.3153076171875,0.9853934645652771,341.6108093261719,684.2540283203125,0.6086363196372986,520.68017578125,872.4893188476562,0.9941772222518921,500.10986328125,845.3397827148438,0.9912819862365723,377.7899475097656,1040.7325439453125,0.9974690675735474,371.9908142089844,937.2630615234375,0.9982682466506958,480.01495361328125,1243.093994140625,0.9454033374786377,476.435302734375,1124.9573974609375,0.994671642780304
319,324.2098693847656,494.3201599121094,0.08923584222793579,321.8406066894531,474.97357177734375,0.0712629035115242,336.5968017578125,471.72320556640625,0.003601369448006153,351.2766418457031,465.8351135253906,0.6640690565109253,404.49749755859375,456.8959045410156,0.07901519536972046,423.578369140625,564.055419921875,0.9960762858390808,443.2668151855469,542.4795532226562,0.9540939927101135,402.0616149902344,735.450927734375,0.9971816539764404,421.8022155761719,701.37890625,0.560555636882782,320.32611083984375,653.3103637695312,0.9775258898735046,340.558837890625,653.6731567382812,0.6101253628730774,509.0283203125,838.6162109375,0.9939814209938049,498.39581298828125,810.9248657226562,0.9875691533088684,390.6895446777344,1028.581787109375,0.997829258441925,380.2744140625,929.8723754882812,0.9975517392158508,473.8820495605469,1242.1043701171875,0.932259202003479,473.1795654296875,1122.4898681640625,0.9884474873542786
320,329.85577392578125,436.16204833984375,0.0619441382586956,326.4281921386719,416.867919921875,0.04476384446024895,342.66455078125,412.57159423828125,0.0018965201452374458,350.1759948730469,409.81597900390625,0.7630195617675781,409.58013916015625,399.3081970214844,0.09217405319213867,426.23516845703125,517.3377685546875,0.9965720176696777,444.1656188964844,498.3524475097656,0.9430564641952515,412.0613708496094,692.7403564453125,0.9957220554351807,436.06158447265625,657.9610595703125,0.17797201871871948,328.6342468261719,627.23046875,0.98069828748703,351.81903076171875,627.0149536132812,0.17530818283557892,500.99468994140625,805.5340576171875,0.9939338564872742,493.900634765625,779.1810302734375,0.9832461476325989,403.8518371582031,1021.6263427734375,0.9974409341812134,391.56781005859375,924.3829345703125,0.9959558844566345,471.93792724609375,1244.7025146484375,0.9116264581680298,471.75177001953125,1113.569091796875,0.9835953712463379
321,328.9207458496094,415.44781494140625,0.10286220908164978,329.2527770996094,393.1701354980469,0.11194624751806259,338.7626037597656,392.8443603515625,0.004480648785829544,370.12481689453125,379.4595642089844,0.749221920967102,410.45068359375,376.6256103515625,0.07241959869861603,443.6689147949219,476.3642272949219,0.996288537979126,458.5584716796875,464.52056884765625,0.8916833996772766,429.9664306640625,658.6997680664062,0.9962722063064575,448.4239196777344,635.0128173828125,0.13030743598937988,338.273681640625,594.3043212890625,0.9872810244560242,358.9338073730469,599.4531860351562,0.14777521789073944,494.38580322265625,776.072998046875,0.9913228750228882,495.490478515625,761.1871337890625,0.9249622225761414,427.201171875,1005.142822265625,0.9945464134216309,434.10064697265625,970.3465576171875,0.9184978008270264,475.2420959472656,1240.5775146484375,0.9631574153900146,465.9082946777344,1188.7236328125,0.8708727955818176
322,351.82830810546875,378.98272705078125,0.08995062857866287,350.9667053222656,358.93402099609375,0.0440324991941452,360.83599853515625,356.288330078125,0.0038110457826405764,374.1869201660156,351.313720703125,0.6678035855293274,417.59466552734375,344.45977783203125,0.10400714725255966,440.1060485839844,460.28094482421875,0.9967561364173889,456.9910888671875,448.9390563964844,0.9467421770095825,439.6214294433594,628.2675170898438,0.9971410036087036,463.5519714355469,615.6363525390625,0.3903846740722656,346.77032470703125,588.746337890625,0.982280433177948,381.1005554199219,624.3604736328125,0.5432243347167969,487.3243408203125,757.789794921875,0.9945268034934998,498.4980773925781,742.769287109375,0.9752728939056396,445.20123291015625,996.754638671875,0.997057318687439,449.1210632324219,958.8609008789062,0.9791327118873596,474.5188293457031,1236.8265380859375,0.9823581576347351,443.17425537109375,1129.9173583984375,0.9748229384422302
323,346.28692626953125,357.26397705078125,0.18387345969676971,346.40625,337.7884521484375,0.1140696108341217,355.51348876953125,332.93841552734375,0.005033194553107023,373.4029541015625,339.3670654296875,0.7337903380393982,421.5423583984375,327.0324401855469,0.10050106793642044,462.8990173339844,437.6380615234375,0.99205082654953,469.7825927734375,414.2567138671875,0.868793785572052,449.9068908691406,638.166748046875,0.9402419328689575,517.8638916015625,460.86505126953125,0.07990763336420059,351.50274658203125,583.2702026367188,0.8392133712768555,470.5691833496094,389.2527160644531,0.23133860528469086,490.5812072753906,766.9512939453125,0.9780388474464417,482.69122314453125,751.4011840820312,0.9030996561050415,468.2688293457031,992.632568359375,0.9954985976219177,451.4737243652344,952.0379638671875,0.9739291071891785,481.6213684082031,1228.170166015625,0.9833534955978394,459.6427917480469,1124.797607421875,0.9808685779571533
324,413.90380859375,341.7690124511719,0.02309303916990757,401.761962890625,328.2691955566406,0.012227249331772327,417.1682434082031,322.7807312011719,0.008276108652353287,376.31842041015625,338.30413818359375,0.6209993958473206,446.6571960449219,329.66290283203125,0.6465201377868652,434.4775390625,433.0047912597656,0.9667469263076782,485.19061279296875,405.23333740234375,0.8738437294960022,450.10858154296875,595.0753173828125,0.5292907953262329,527.6680908203125,388.39105224609375,0.25305449962615967,362.9254150390625,604.411376953125,0.44257429242134094,521.9647216796875,346.6158142089844,0.6290228366851807,475.55084228515625,738.4238891601562,0.9648301005363464,483.9361267089844,721.883056640625,0.918075680732727,471.33428955078125,980.9432983398438,0.994376540184021,461.6981506347656,930.8084106445312,0.9708085060119629,488.5875244140625,1226.635498046875,0.9873272776603699,468.9572448730469,1109.032958984375,0.9790118336677551
325,383.10321044921875,358.9584045410156,0.024067100137472153,375.61700439453125,342.5164489746094,0.020205091685056686,393.3931884765625,336.189453125,0.004977147560566664,368.60626220703125,346.93109130859375,0.8135939836502075,448.20751953125,332.7082824707031,0.6806734204292297,433.73431396484375,435.414794921875,0.9807634353637695,487.3525390625,411.5377502441406,0.9257864952087402,445.1941223144531,567.418701171875,0.6945509314537048,524.2281494140625,365.3231506347656,0.2795363962650299,354.8255615234375,573.6935424804688,0.7064964175224304,494.2100830078125,324.4806213378906,0.6045981049537659,465.9837646484375,737.4830322265625,0.9783918857574463,478.8522033691406,721.747802734375,0.9469028115272522,469.1549987792969,980.9869384765625,0.995816171169281,455.0804443359375,933.077392578125,0.981723427772522,494.1629638671875,1216.1873779296875,0.9917850494384766,467.0008544921875,1097.967041015625,0.9897067546844482
326,364.54608154296875,358.51507568359375,0.031059885397553444,360.4769287109375,339.8254699707031,0.029506724327802658,379.74993896484375,331.6942138671875,0.00464827474206686,369.87896728515625,337.91259765625,0.8696001172065735,451.8323974609375,318.5246887207031,0.6072218418121338,431.0966796875,435.1511535644531,0.9724735021591187,504.1534729003906,416.527587890625,0.9518041610717773,447.1698303222656,557.271728515625,0.17648451030254364,530.0844116210938,526.4140014648438,0.04328523948788643,406.56732177734375,607.597412109375,0.18267802894115448,490.55426025390625,598.187744140625,0.05518024042248726,464.6055603027344,735.3670043945312,0.9807697534561157,482.7961120605469,715.7258911132812,0.9664729237556458,472.0267333984375,976.630615234375,0.9955871105194092,459.0335693359375,932.9154663085938,0.9866783618927002,493.6854248046875,1215.1942138671875,0.988205075263977,472.2204895019531,1094.574462890625,0.9877448678016663
327,,,,,,,,,,,,,,,,,,,,,,,,,,,,,,,,,,,,,,,,,,,,,,,,,,,
328,,,,,,,,,,,,,,,,,,,,,,,,,,,,,,,,,,,,,,,,,,,,,,,,,,,
329,384.35784912109375,346.5032958984375,0.022685306146740913,377.11651611328125,330.4077453613281,0.019520403817296028,394.6071472167969,322.4210510253906,0.007679928094148636,364.52215576171875,333.51513671875,0.8049671649932861,444.2793884277344,316.8037109375,0.7459617257118225,397.7591552734375,435.48785400390625,0.9785803556442261,495.5987243652344,418.62640380859375,0.9530839323997498,395.35797119140625,577.032958984375,0.23433369398117065,526.8530883789062,544.03076171875,0.07093288749456406,398.2837829589844,656.6209106445312,0.10067034512758255,520.1482543945312,657.841796875,0.05094502493739128,462.3782958984375,743.1593627929688,0.985325813293457,499.3415222167969,728.8243408203125,0.9691072702407837,464.3335876464844,991.0789794921875,0.9961611032485962,463.7441101074219,951.9977416992188,0.9793841242790222,492.6929931640625,1228.9263916015625,0.9866604804992676,477.0962219238281,1112.5670166015625,0.9745389223098755
330,,,,,,,,,,,,,,,,,,,,,,,,,,,,,,,,,,,,,,,,,,,,,,,,,,,
331,330.86712646484375,389.6315002441406,0.0936744287610054,328.6011047363281,369.1279296875,0.04932651296257973,339.8239440917969,366.0241394042969,0.004261606372892857,356.44970703125,357.91497802734375,0.583143413066864,407.3169250488281,350.7289123535156,0.1397014707326889,441.867431640625,457.0094909667969,0.9975515007972717,457.51220703125,448.147705078125,0.9503588080406189,426.53472900390625,632.751953125,0.9974197149276733,445.4052429199219,607.2252197265625,0.11544923484325409,341.6918640136719,569.8320922851562,0.9850332140922546,367.4430236816406,576.0938720703125,0.10963291674852371,484.02838134765625,775.1817016601562,0.9940927624702454,493.3696594238281,759.8588256835938,0.9713810682296753,456.3069152832031,1011.7994384765625,0.9976167678833008,442.12933349609375,974.133544921875,0.9849020838737488,485.73968505859375,1238.8017578125,0.9874199032783508,457.7864990234375,1118.990966796875,0.9865814447402954
332,312.2313232421875,428.8634033203125,0.08700171858072281,308.65350341796875,408.6592712402344,0.05908535048365593,324.43572998046875,401.7513122558594,0.003316196845844388,339.0290832519531,393.99066162109375,0.7877464294433594,402.272216796875,379.2100830078125,0.18734166026115417,435.497314453125,484.0852966308594,0.9980400204658508,453.87359619140625,468.3123779296875,0.9766191840171814,414.1015319824219,658.4794921875,0.9971336126327515,452.747802734375,634.9557495117188,0.34033912420272827,333.3095397949219,580.691162109375,0.9826165437698364,362.0233459472656,588.8621826171875,0.3562511205673218,503.8402099609375,780.5599365234375,0.9946349859237671,493.74383544921875,758.0074462890625,0.9837474226951599,443.8672180175781,1013.1873168945312,0.9977449178695679,416.86602783203125,952.595703125,0.992936909198761,487.13616943359375,1242.201904296875,0.9813004732131958,444.4508972167969,1122.566162109375,0.989770770072937
333,305.1512451171875,444.93438720703125,0.14028339087963104,305.16143798828125,427.24774169921875,0.07786808907985687,318.1290283203125,422.7255859375,0.0034041248727589846,341.6162414550781,420.48297119140625,0.6483230590820312,391.7170715332031,408.4969482421875,0.0402224026620388,423.36248779296875,518.4452514648438,0.9977853298187256,449.4139709472656,494.72576904296875,0.9497693777084351,399.7002258300781,690.7210083007812,0.9982422590255737,448.7513427734375,653.6571044921875,0.20803490281105042,325.8955078125,609.9165649414062,0.9838117957115173,364.9644775390625,625.4057006835938,0.17474009096622467,509.3036193847656,796.66259765625,0.9962177872657776,504.767822265625,767.8834228515625,0.9844188690185547,418.0017395019531,1015.0193481445312,0.9976598024368286,394.7279968261719,926.522216796875,0.9904312491416931,481.4601745605469,1249.2171630859375,0.9468770027160645,459.49560546875,1118.9007568359375,0.9729880690574646
334,313.9451904296875,503.5269775390625,0.20424747467041016,312.50250244140625,484.96783447265625,0.14192798733711243,321.3929443359375,480.90185546875,0.007964752614498138,344.268798828125,469.28106689453125,0.6695566177368164,382.7413330078125,461.2057800292969,0.053408440202474594,427.30706787109375,549.1149291992188,0.9970791339874268,431.42034912109375,530.8818969726562,0.9640694260597229,393.9876403808594,730.5189208984375,0.9985197186470032,409.7256774902344,698.8660888671875,0.6796635389328003,324.22344970703125,637.3168334960938,0.9805837869644165,337.5557556152344,640.320068359375,0.7419596910476685,524.774169921875,822.4266967773438,0.9959864020347595,500.1797180175781,795.9349365234375,0.9922882914543152,400.8458557128906,1019.3760986328125,0.9984293580055237,393.2591857910156,925.3329467773438,0.9982125759124756,481.4123840332031,1245.3388671875,0.9591174125671387,476.8021240234375,1111.5224609375,0.9933719635009766
335,304.4588317871094,547.2882080078125,0.2733272314071655,302.7811279296875,527.3541259765625,0.22694583237171173,312.3056640625,525.2562866210938,0.011427530087530613,337.2009582519531,513.7938842773438,0.7687187790870667,375.88238525390625,509.126708984375,0.05730517953634262,422.82733154296875,595.8406372070312,0.9977412223815918,418.9235534667969,577.682373046875,0.9715969562530518,377.9623718261719,773.4896850585938,0.9986987113952637,398.04351806640625,738.915771484375,0.6833612322807312,320.5169982910156,674.411376953125,0.9838590025901794,336.5184326171875,674.5396728515625,0.7276853322982788,534.651123046875,855.4212646484375,0.9957981705665588,504.9812927246094,828.3985595703125,0.9924352765083313,388.3175964355469,1033.522705078125,0.9983327984809875,384.6634521484375,928.080810546875,0.9984921216964722,485.9497985839844,1247.06591796875,0.9625421762466431,477.545654296875,1123.073974609375,0.9952502250671387
336,341.8551025390625,589.212158203125,0.08112362027168274,338.4294738769531,565.2700805664062,0.06793919950723648,356.343994140625,564.1764526367188,0.01874014176428318,343.9209899902344,555.9888305664062,0.3528389632701874,407.94549560546875,549.6781005859375,0.16881148517131805,394.2049560546875,635.6083984375,0.8784003853797913,436.18316650390625,608.7569580078125,0.9121250510215759,412.7657165527344,786.4584350585938,0.24069780111312866,467.1865539550781,767.9447631835938,0.1364532709121704,376.5643310546875,840.4226684570312,0.1084728017449379,452.5748291015625,852.7762451171875,0.0669405609369278,545.8840942382812,884.9635620117188,0.9738271236419678,541.0182495117188,857.2520751953125,0.9805275201797485,380.7024230957031,1041.0245361328125,0.997260332107544,373.4339599609375,926.4708862304688,0.9969419836997986,478.0401306152344,1260.3876953125,0.9552378058433533,486.9938049316406,1137.8427734375,0.9861230850219727
337,295.90240478515625,627.8018798828125,0.1973973661661148,302.598876953125,608.40185546875,0.19266577064990997,301.625732421875,607.01904296875,0.04125681892037392,339.2127990722656,597.938720703125,0.3906633257865906,344.0491638183594,591.6082763671875,0.05604204535484314,399.1054992675781,681.7412719726562,0.9893753528594971,377.2236328125,650.74462890625,0.9437709450721741,355.9990234375,856.4852294921875,0.99639892578125,357.78515625,810.3592529296875,0.658482015132904,307.70599365234375,740.373291015625,0.8568475842475891,311.03668212890625,745.93896484375,0.18960317969322205,549.7783203125,916.37158203125,0.9947644472122192,509.95416259765625,885.5250854492188,0.9924941062927246,366.4870910644531,1050.3543701171875,0.9955785870552063,373.50762939453125,929.639892578125,0.9958337545394897,481.6136169433594,1246.788330078125,0.9747611284255981,477.2610168457031,1115.1494140625,0.996498703956604
338,295.60577392578125,664.6531982421875,0.2732648253440857,295.3824768066406,645.7278442382812,0.2588818073272705,300.9873046875,643.2606201171875,0.02140721306204796,329.0987243652344,632.9149169921875,0.69515061378479,355.0956726074219,627.5391845703125,0.04966837912797928,410.0067138671875,709.2909545898438,0.996780514717102,402.1802978515625,682.2518310546875,0.9483670592308044,356.9329528808594,880.890625,0.9985945820808411,382.88690185546875,838.291748046875,0.35709279775619507,308.8215637207031,765.8831176757812,0.9898687601089478,327.82769775390625,778.437255859375,0.31412017345428467,551.9324951171875,945.4137573242188,0.9971471428871155,511.3127746582031,911.2440185546875,0.9924812316894531,356.3324279785156,1058.2259521484375,0.9972096085548401,365.2375183105469,930.5078125,0.995314359664917,482.6867370605469,1246.44140625,0.9811206459999084,470.2601013183594,1109.3094482421875,0.9966149926185608
339,296.59832763671875,680.0721435546875,0.20199863612651825,298.4670104980469,661.2271118164062,0.20365585386753082,304.00048828125,659.8800659179688,0.021532660350203514,331.8775329589844,655.5784912109375,0.6759839653968811,360.1116027832031,650.6401977539062,0.0776638388633728,401.83660888671875,744.7647094726562,0.9956177473068237,402.80059814453125,720.999267578125,0.9653231501579285,354.3572082519531,920.6893310546875,0.9984157085418701,377.3173828125,885.22900390625,0.5239903926849365,306.9483337402344,800.0205688476562,0.9928879141807556,324.7293701171875,806.2476196289062,0.4216168224811554,541.2900390625,970.064453125,0.9964531660079956,512.8951416015625,939.0880737304688,0.9853106737136841,350.03375244140625,1071.288330078125,0.9977840781211853,358.53594970703125,952.3860473632812,0.9803864359855652,477.17236328125,1248.9884033203125,0.988013744354248,464.6769714355469,1094.4808349609375,0.9877283573150635
340,288.9704284667969,714.67236328125,0.22765539586544037,291.4058837890625,695.0498046875,0.23748837411403656,296.918701171875,693.1089477539062,0.02596915327012539,329.5164794921875,686.23681640625,0.7210662961006165,356.6282958984375,679.796630859375,0.11124785244464874,402.1824951171875,772.4412841796875,0.9959218502044678,404.4564514160156,744.5615844726562,0.9712393879890442,345.5683898925781,947.10888671875,0.9981524348258972,386.0048828125,893.6964111328125,0.5698167085647583,301.4811096191406,820.160400390625,0.9914492964744568,320.6602783203125,823.8558959960938,0.5664494037628174,541.5775756835938,992.1561889648438,0.9935460686683655,517.05078125,966.1328125,0.9806853532791138,347.01165771484375,1071.530517578125,0.995730459690094,362.53631591796875,995.6482543945312,0.9751444458961487,464.48760986328125,1249.968505859375,0.9900302886962891,474.2089538574219,1122.82861328125,0.9890316128730774
341,285.70819091796875,726.4114990234375,0.25687098503112793,290.6929931640625,707.478271484375,0.27941128611564636,291.9439697265625,705.9261474609375,0.03648877143859863,336.20294189453125,696.5745239257812,0.6792144179344177,347.9748229980469,690.911376953125,0.08082076162099838,400.05230712890625,782.64599609375,0.9957417249679565,402.37823486328125,754.5125122070312,0.9690956473350525,345.947509765625,954.4636840820312,0.9983332753181458,374.56378173828125,914.8214721679688,0.5634011626243591,297.6239318847656,833.9918823242188,0.9908135533332825,313.37994384765625,838.7312622070312,0.511987566947937,539.3413696289062,1002.21337890625,0.9944663643836975,515.2630004882812,975.9153442382812,0.9818928241729736,344.5781555175781,1074.0589599609375,0.996036946773529,357.57470703125,997.9904174804688,0.9728990197181702,465.3069763183594,1252.9788818359375,0.9908960461616516,469.511962890625,1123.748779296875,0.9883114695549011
342,287.1778869628906,721.0377807617188,0.253456711769104,291.0901794433594,702.3916625976562,0.2777865529060364,294.75189208984375,700.1608276367188,0.02831866592168808,334.89007568359375,692.89794921875,0.7297969460487366,354.1549377441406,685.8724365234375,0.08121231198310852,401.40802001953125,776.5023193359375,0.9960947632789612,407.6061706542969,748.8439331054688,0.9720923900604248,345.1278991699219,949.3573608398438,0.9984340071678162,384.0532531738281,902.2396240234375,0.5776578783988953,297.3680725097656,823.599365234375,0.9913418889045715,319.755615234375,828.2738037109375,0.5281338095664978,536.141845703125,998.4287719726562,0.9941630959510803,514.8319702148438,971.6808471679688,0.9822559356689453,339.7566833496094,1073.0972900390625,0.9958732724189758,354.3926696777344,993.9165649414062,0.9757896661758423,463.46478271484375,1251.830810546875,0.9910129904747009,468.09661865234375,1121.7362060546875,0.9905562996864319
343,295.7689514160156,693.00830078125,0.27661052346229553,300.24542236328125,674.3211669921875,0.3380337059497833,300.31292724609375,673.150146484375,0.04532267525792122,340.2677307128906,665.0610961914062,0.7176558971405029,349.30364990234375,660.7069091796875,0.06951234489679337,397.84344482421875,752.71142578125,0.9948140382766724,400.8590393066406,724.373779296875,0.9598425030708313,349.2137145996094,919.0227661132812,0.9983469247817993,368.2495422363281,881.4752197265625,0.5935691595077515,299.9398193359375,800.1283569335938,0.9916760921478271,309.12786865234375,804.888916015625,0.5835093855857849,524.4385375976562,980.4292602539062,0.9978381991386414,494.8565368652344,944.2062377929688,0.991631805896759,336.5511169433594,1077.4853515625,0.9981424808502197,343.71502685546875,937.9859008789062,0.9867480993270874,465.3952331542969,1245.908935546875,0.9879889488220215,446.7428894042969,1088.0989990234375,0.9907575249671936
344,286.97052001953125,657.2438354492188,0.3126029074192047,289.8871154785156,637.3483276367188,0.2721317410469055,291.3191833496094,637.30908203125,0.03571838140487671,327.9129943847656,626.3153686523438,0.5870758891105652,341.4185791015625,624.6940307617188,0.05090087279677391,391.541748046875,718.264404296875,0.9948368072509766,391.34881591796875,688.38232421875,0.9606285095214844,351.5435485839844,885.9050903320312,0.9987653493881226,366.401123046875,839.9981079101562,0.5109037756919861,298.87646484375,771.3653564453125,0.9897342920303345,307.0099182128906,772.1907348632812,0.43304169178009033,521.122314453125,952.2432861328125,0.9975791573524475,490.4283142089844,916.6848754882812,0.9943037033081055,346.4302062988281,1073.2835693359375,0.9983349442481995,347.9718933105469,932.5672607421875,0.996654748916626,470.8148193359375,1245.039306640625,0.9741606116294861,451.5244445800781,1107.1864013671875,0.994283139705658
345,289.6781921386719,614.2447509765625,0.19669434428215027,288.8504333496094,594.7860717773438,0.19506290555000305,299.4750061035156,591.5990600585938,0.01637711003422737,322.0892028808594,582.822998046875,0.5738224983215332,363.6044006347656,574.0000610351562,0.06615769863128662,397.210205078125,671.1519775390625,0.9960708618164062,410.828125,642.8469848632812,0.9566265940666199,356.6672668457031,841.540771484375,0.9985540509223938,383.5332946777344,798.6040649414062,0.5782648324966431,296.4436340332031,731.468994140625,0.985558032989502,316.2515869140625,730.0692138671875,0.5675638318061829,520.46533203125,916.0435180664062,0.9954953193664551,496.1148986816406,881.53759765625,0.9932230710983276,355.9899597167969,1064.31298828125,0.9962347149848938,354.9394836425781,937.0204467773438,0.9978923201560974,470.92193603515625,1245.333984375,0.944241464138031,466.76611328125,1124.8017578125,0.9957347512245178
346,298.03955078125,560.704345703125,0.1919066309928894,296.52252197265625,541.3314819335938,0.15766996145248413,309.4525451660156,536.8552856445312,0.00963675044476986,327.5721435546875,531.5831909179688,0.7541412711143494,376.5134582519531,520.2432250976562,0.10116977244615555,403.50384521484375,624.6793212890625,0.9975687861442566,415.6978454589844,598.7772827148438,0.9794930815696716,362.3829040527344,794.3406982421875,0.9987609386444092,409.5776672363281,737.5133666992188,0.581336259841919,298.23876953125,689.3230590820312,0.9888193011283875,356.3999938964844,682.1597290039062,0.5318043828010559,512.4705810546875,882.6656494140625,0.9946097135543823,493.4869689941406,852.228759765625,0.9935914874076843,364.1174011230469,1054.473388671875,0.9971012473106384,355.166015625,938.831787109375,0.9987630844116211,467.30145263671875,1248.800048828125,0.9327883124351501,466.8121643066406,1126.153076171875,0.9960768818855286
347,298.15875244140625,502.23333740234375,0.2199668437242508,298.2988586425781,483.05145263671875,0.18396639823913574,306.1860046386719,480.5068359375,0.00963909924030304,332.947998046875,472.4076232910156,0.7406550645828247,367.216552734375,465.9865417480469,0.055388037115335464,405.7218017578125,571.531005859375,0.9973405003547668,412.77020263671875,547.2703857421875,0.9663606882095337,382.0267028808594,750.1715087890625,0.9985359907150269,397.34637451171875,708.5403442382812,0.43213117122650146,306.0035705566406,650.91552734375,0.9863479137420654,323.94915771484375,655.2766723632812,0.4403316080570221,503.75238037109375,841.9940185546875,0.9964988231658936,480.19000244140625,813.6358032226562,0.9936382174491882,374.81817626953125,1039.544189453125,0.9979901313781738,361.7254638671875,937.466552734375,0.9982629418373108,464.7618713378906,1252.7520751953125,0.9112210273742676,463.1627197265625,1122.4620361328125,0.990026593208313
348,299.484375,458.9703369140625,0.13458096981048584,298.0694580078125,439.20556640625,0.10956285148859024,308.30072021484375,436.61004638671875,0.0036004814319312572,333.37823486328125,423.1688537597656,0.7416532635688782,373.88623046875,416.58135986328125,0.04352748394012451,410.81573486328125,524.5789794921875,0.9972266554832458,422.8770751953125,500.46148681640625,0.9335193634033203,398.43896484375,705.4263916015625,0.9972013235092163,423.9142761230469,657.3787841796875,0.15348054468631744,315.6978454589844,625.27587890625,0.9812754392623901,341.9178771972656,623.7550048828125,0.20517364144325256,492.6878356933594,811.8092651367188,0.995313286781311,478.8691101074219,784.2974243164062,0.9854694604873657,389.73748779296875,1027.49365234375,0.9976019263267517,377.644775390625,932.6658935546875,0.9956771731376648,465.02392578125,1254.203857421875,0.9203389883041382,458.7739562988281,1118.5111083984375,0.9835553765296936
349,305.8660888671875,436.3075256347656,0.11347204446792603,303.2207946777344,416.56671142578125,0.08090534061193466,318.5238342285156,412.46820068359375,0.002783258445560932,344.8155212402344,398.8160705566406,0.6635404825210571,398.4454345703125,387.7181701660156,0.06607621163129807,413.24798583984375,498.0502624511719,0.9974629878997803,451.49774169921875,464.8971862792969,0.933896541595459,413.6215515136719,666.5570068359375,0.9978633522987366,445.0103454589844,629.4033203125,0.09115111082792282,327.87060546875,602.6615600585938,0.9849622249603271,352.5378723144531,604.9155883789062,0.1337200254201889,483.03765869140625,779.7426147460938,0.9957332015037537,484.2386169433594,750.6053466796875,0.9808216691017151,408.64520263671875,1008.67724609375,0.998059093952179,401.1567687988281,925.1242065429688,0.9929581880569458,462.7925109863281,1247.236572265625,0.9745038151741028,431.6168212890625,1099.3583984375,0.9902207851409912
350,323.89056396484375,398.71575927734375,0.06881667673587799,323.9206237792969,378.581787109375,0.03693479672074318,332.83343505859375,377.40911865234375,0.002448092680424452,351.95367431640625,367.84906005859375,0.5378949642181396,393.62530517578125,363.70574951171875,0.05162942036986351,413.14801025390625,460.0167236328125,0.9966082572937012,448.7159423828125,449.765380859375,0.8883717060089111,426.5633544921875,647.788818359375,0.9981130361557007,455.51922607421875,625.090087890625,0.13496075570583344,333.4410400390625,582.68505859375,0.9865019917488098,354.79595947265625,600.25341796875,0.0999014601111412,467.3139953613281,758.5074462890625,0.9931964874267578,488.4394226074219,743.7496337890625,0.9447340369224548,427.28094482421875,999.0546875,0.9966950416564941,431.406005859375,960.4812622070312,0.94842129945755,460.0645446777344,1236.675537109375,0.9859911799430847,434.2815856933594,1138.797119140625,0.962429404258728
351,325.37982177734375,376.17010498046875,0.0748053640127182,324.0492248535156,356.3676452636719,0.06433182954788208,335.0635070800781,353.1733703613281,0.0028338769916445017,356.4624938964844,344.5832214355469,0.6310916543006897,402.2586364746094,336.17724609375,0.07281173020601273,423.6047668457031,446.3701477050781,0.9954896569252014,454.4662780761719,430.872802734375,0.8401140570640564,436.2903747558594,628.1027221679688,0.9943881630897522,456.73297119140625,599.2454223632812,0.05358145385980606,344.104248046875,581.39453125,0.9703495502471924,369.30322265625,601.3153686523438,0.04770467430353165,459.24810791015625,760.0382080078125,0.982751190662384,478.69573974609375,742.6033325195312,0.8648177981376648,448.94732666015625,993.63427734375,0.9923517107963562,439.1452941894531,945.0362548828125,0.9066874384880066,465.5086364746094,1225.8306884765625,0.9888843297958374,444.4520263671875,1116.0406494140625,0.977338969707489
352,351.6114807128906,363.1640319824219,0.08822939544916153,346.55670166015625,346.63275146484375,0.08745893836021423,354.90948486328125,331.74090576171875,0.014740845188498497,359.9447326660156,333.9676513671875,0.4252251088619232,406.5534362792969,306.51739501953125,0.17008854448795319,437.3557434082031,390.3204345703125,0.9838473200798035,494.4400329589844,359.5452880859375,0.45604705810546875,435.031005859375,632.0432739257812,0.9852928519248962,480.6016540527344,592.7381591796875,0.04010751098394394,369.61273193359375,591.7355346679688,0.5551709532737732,403.0114440917969,590.7295532226562,0.04097571223974228,485.67608642578125,755.5396118164062,0.7478374242782593,527.05224609375,728.76220703125,0.2446323037147522,455.7558288574219,973.1443481445312,0.9761015772819519,452.57110595703125,922.58642578125,0.7184902429580688,477.71124267578125,1207.663818359375,0.9527462720870972,463.425537109375,1093.900390625,0.857054591178894
353,334.4636535644531,368.6571044921875,0.0553465411067009,331.4305725097656,348.357177734375,0.02837512269616127,345.34246826171875,345.1312255859375,0.001530087785795331,355.7111511230469,338.0058898925781,0.6498914957046509,410.92620849609375,329.3713073730469,0.11242438107728958,430.42431640625,445.6268615722656,0.9976334571838379,446.4657287597656,428.3241882324219,0.9170236587524414,441.75726318359375,631.5132446289062,0.9955322742462158,447.6500244140625,582.7758178710938,0.0800437331199646,346.82208251953125,575.4760131835938,0.9832763671875,366.6897888183594,565.2706909179688,0.1432633399963379,445.62091064453125,759.29931640625,0.9906163811683655,450.8588562011719,742.3363037109375,0.9475381374359131,454.4111022949219,993.1619873046875,0.9962761402130127,433.7252197265625,949.1002197265625,0.9809081554412842,469.5242614746094,1223.8162841796875,0.9922263622283936,441.8218688964844,1101.793212890625,0.9941184520721436
354,342.26171875,361.1154479980469,0.07367124408483505,340.34222412109375,339.9725646972656,0.1330098658800125,351.2707214355469,335.2025451660156,0.004256401211023331,366.05865478515625,330.6715087890625,0.6802336573600769,412.00860595703125,319.935546875,0.05078750476241112,436.513427734375,415.79010009765625,0.9814249277114868,455.4344482421875,406.6164245605469,0.43711283802986145,436.6485900878906,633.7265014648438,0.9467337131500244,451.0527648925781,608.7052001953125,0.03888276591897011,355.6065368652344,610.6444702148438,0.35464298725128174,389.467529296875,626.6150512695312,0.031051503494381905,463.4748229980469,767.8689575195312,0.8105888962745667,467.098388671875,751.8360595703125,0.3596269190311432,460.41632080078125,1002.9132690429688,0.9676119089126587,430.2576904296875,948.65380859375,0.783751904964447,473.27886962890625,1225.646240234375,0.9206297397613525,456.0889587402344,1102.816162109375,0.8936140537261963
355,329.34765625,374.7631530761719,0.08700726181268692,331.1951904296875,353.4903869628906,0.05282778665423393,340.6627197265625,352.2560729980469,0.0033350312151014805,369.62664794921875,345.4489440917969,0.6616459488868713,408.2557373046875,339.20001220703125,0.11480247974395752,429.745849609375,447.92559814453125,0.9971750974655151,441.3929748535156,435.6719665527344,0.9307082891464233,438.13702392578125,634.6822509765625,0.9968808889389038,438.8428955078125,596.2608642578125,0.10329918563365936,339.19189453125,572.916259765625,0.9850560426712036,353.90216064453125,568.1347045898438,0.1366450935602188,439.0215759277344,763.1455688476562,0.9906685948371887,443.22784423828125,749.13671875,0.9585797190666199,451.9300537109375,1000.2711181640625,0.9964213371276855,421.5470886230469,955.5367431640625,0.9876793026924133,462.29547119140625,1224.80908203125,0.9905264377593994,434.9613342285156,1102.8624267578125,0.9952245950698853
356,330.8907165527344,370.12115478515625,0.0675961822271347,331.97576904296875,348.6790771484375,0.04428200423717499,342.01708984375,347.510009765625,0.002975117415189743,366.45050048828125,341.40789794921875,0.6784330010414124,409.03900146484375,335.3905334472656,0.14211706817150116,427.5416564941406,446.8839416503906,0.9973769187927246,439.41070556640625,433.83367919921875,0.9089467525482178,431.16064453125,635.1468505859375,0.9968156218528748,431.24163818359375,599.826171875,0.06505266577005386,337.0086975097656,577.938232421875,0.9814978837966919,338.79833984375,569.7154541015625,0.09765806794166565,436.66925048828125,761.18310546875,0.9897291660308838,442.79412841796875,746.6764526367188,0.9400811195373535,445.69677734375,998.5957641601562,0.9963988065719604,420.0079345703125,953.190185546875,0.9812931418418884,459.202880859375,1225.0880126953125,0.991575300693512,430.23736572265625,1103.438232421875,0.9939811825752258
357,317.7749328613281,374.70233154296875,0.14364974200725555,319.8731994628906,353.002685546875,0.12147077172994614,326.83343505859375,352.40972900390625,0.005192061886191368,362.4100646972656,339.9815368652344,0.7245877981185913,392.8138427734375,335.6051940917969,0.06153354421257973,424.7344665527344,449.7100830078125,0.9976709485054016,438.641357421875,435.21929931640625,0.9016345143318176,421.2790222167969,640.083740234375,0.9961825013160706,437.87347412109375,601.5996704101562,0.04173458740115166,335.3102111816406,580.1358032226562,0.9808343052864075,358.39776611328125,582.160888671875,0.06358662992715836,433.8569641113281,763.7786865234375,0.9917938113212585,440.4959716796875,748.128173828125,0.9455506801605225,441.3046569824219,1000.2489013671875,0.9951928853988647,420.2276306152344,956.8687133789062,0.9687466621398926,456.38580322265625,1225.9268798828125,0.9839133620262146,426.8476867675781,1109.1400146484375,0.9847796559333801
358,315.52960205078125,377.68841552734375,0.09481552988290787,313.3649597167969,357.7914733886719,0.06371472030878067,325.7847595214844,353.3425598144531,0.002499975496903062,342.6189880371094,346.43359375,0.6903612613677979,394.68023681640625,335.612548828125,0.0766315907239914,414.7467346191406,452.5881042480469,0.9973495006561279,439.9820556640625,436.8013610839844,0.909956693649292,405.8046569824219,628.2178344726562,0.995511531829834,430.61944580078125,602.6266479492188,0.054900020360946655,315.04681396484375,560.7704467773438,0.9868171811103821,345.8916320800781,579.3446044921875,0.07092459499835968,435.5208435058594,766.3682250976562,0.9883545637130737,450.56134033203125,748.499267578125,0.9223239421844482,431.42626953125,1005.6488037109375,0.9955533146858215,415.2193908691406,961.1406860351562,0.9625666737556458,449.93707275390625,1233.0228271484375,0.9891499876976013,424.02288818359375,1115.5828857421875,0.9859281778335571
359,309.2516784667969,403.3482971191406,0.036382365971803665,304.2931823730469,383.36431884765625,0.027909524738788605,320.86444091796875,376.578369140625,0.001530962996184826,321.87115478515625,372.8689270019531,0.7267265915870667,388.84649658203125,358.04278564453125,0.16970963776111603,408.28082275390625,467.3985290527344,0.997671902179718,428.0380554199219,455.0195617675781,0.9279977679252625,396.16015625,643.4566650390625,0.9926077127456665,417.9131164550781,624.3584594726562,0.06457264721393585,312.72442626953125,578.9680786132812,0.9443355202674866,341.5958251953125,606.0946655273438,0.05580713599920273,445.6101989746094,780.7384643554688,0.9902562499046326,451.0227355957031,763.1818237304688,0.9533334374427795,423.4588623046875,1022.415771484375,0.9965517520904541,400.51934814453125,977.875732421875,0.9833309054374695,443.39239501953125,1240.868408203125,0.9840367436408997,416.29254150390625,1121.458740234375,0.9875626564025879
360,306.5487365722656,416.6743469238281,0.03927886113524437,301.7452087402344,398.0701599121094,0.023886173963546753,318.505126953125,393.0594482421875,0.0022296642418950796,320.0407409667969,390.9273681640625,0.45047980546951294,383.95263671875,379.4256896972656,0.12547309696674347,400.0026550292969,495.9231872558594,0.9953159093856812,424.0908203125,481.0484619140625,0.9353291392326355,381.4151916503906,663.35888671875,0.996235191822052,404.9775085449219,641.2702026367188,0.24935021996498108,300.2322998046875,584.875732421875,0.9755105972290039,325.2895812988281,607.4202880859375,0.22542773187160492,460.6452331542969,790.333740234375,0.993069589138031,450.98486328125,765.6619262695312,0.9756065011024475,400.4765625,1028.8817138671875,0.9974115490913391,362.6891784667969,948.17236328125,0.9900628924369812,438.67730712890625,1256.6220703125,0.9742421507835388,397.95452880859375,1115.288818359375,0.9862491488456726
361,289.69696044921875,465.5477294921875,0.11392228305339813,285.7513427734375,446.5893859863281,0.0633418932557106,299.992431640625,443.8259582519531,0.002649684902280569,312.7657165527344,433.17327880859375,0.5638600587844849,367.5624694824219,426.7800598144531,0.04527287557721138,390.53466796875,529.7639770507812,0.996091902256012,410.6779479980469,512.2088012695312,0.9407300353050232,358.8247985839844,701.111572265625,0.9975570440292358,396.8267822265625,668.4573974609375,0.26643216609954834,290.2159423828125,616.1893310546875,0.9877068400382996,311.0254821777344,620.870361328125,0.3224799931049347,468.1568298339844,821.9864501953125,0.9967581629753113,458.9985656738281,795.7943115234375,0.9910659193992615,369.2378234863281,1037.002197265625,0.9982727766036987,350.2054443359375,941.5585327148438,0.9969032406806946,430.8138122558594,1259.6861572265625,0.9475392699241638,421.70465087890625,1129.6412353515625,0.9882907867431641
362,274.2662048339844,535.7329711914062,0.4031103253364563,276.0556640625,514.27783203125,0.405617356300354,278.28326416015625,514.8389282226562,0.02183930203318596,320.662353515625,494.19158935546875,0.7083535194396973,337.1721496582031,495.2250061035156,0.026829050853848457,387.89947509765625,573.2628784179688,0.9955209493637085,400.32623291015625,558.5597534179688,0.9500072598457336,347.1413269042969,747.1937866210938,0.9982035160064697,373.94659423828125,714.9544677734375,0.6118919849395752,278.9367980957031,654.0353393554688,0.9808775186538696,299.8665466308594,654.4265747070312,0.6463473439216614,484.03131103515625,846.6914672851562,0.9959495067596436,462.5813293457031,820.5863037109375,0.9913944602012634,354.5421142578125,1040.4732666015625,0.9979762434959412,342.7252197265625,937.3173217773438,0.9970569610595703,426.0366516113281,1260.960693359375,0.9343810677528381,426.5774841308594,1127.2169189453125,0.9864926934242249
363,280.1236572265625,590.1558227539062,0.34498152136802673,296.17138671875,563.927490234375,0.3331237733364105,279.68359375,563.523193359375,0.09489032626152039,336.8109436035156,564.7491455078125,0.5759699940681458,316.92974853515625,560.12060546875,0.129023015499115,368.08746337890625,640.4402465820312,0.9319723844528198,397.5079345703125,625.1629028320312,0.8903518319129944,414.4815673828125,787.2916259765625,0.39927202463150024,485.9883728027344,785.2910766601562,0.12077126652002335,366.445556640625,806.6083374023438,0.10550586879253387,456.06378173828125,860.1370849609375,0.09169232100248337,493.71954345703125,863.7864379882812,0.9502462148666382,482.100341796875,844.16845703125,0.9185031056404114,334.3626403808594,1044.734619140625,0.9946185350418091,359.0361633300781,976.2178955078125,0.9807552099227905,426.2542724609375,1275.3812255859375,0.9652587175369263,432.5095520019531,1153.944580078125,0.965008020401001
364,255.2734375,629.4721069335938,0.18932999670505524,253.78402709960938,610.4661254882812,0.14802609384059906,261.933837890625,606.662841796875,0.015245670452713966,284.27215576171875,596.8384399414062,0.6427614688873291,319.53143310546875,589.09423828125,0.08560338616371155,367.3380432128906,674.7400512695312,0.9967542290687561,364.20159912109375,653.347900390625,0.9687535166740417,317.9218444824219,837.1015014648438,0.9984834790229797,333.84197998046875,808.1312255859375,0.63704514503479,259.6841735839844,732.0321044921875,0.9797220826148987,270.0909423828125,737.020263671875,0.5537624359130859,493.51837158203125,916.1942749023438,0.9954187870025635,464.0540771484375,884.5241088867188,0.9921716451644897,326.1907958984375,1061.301513671875,0.9974272847175598,323.02191162109375,940.9550170898438,0.9976475834846497,424.5892028808594,1261.3251953125,0.9580754637718201,423.6925048828125,1128.752685546875,0.9948888421058655
365,251.7183380126953,673.36376953125,0.2855469584465027,250.83558654785156,654.8309326171875,0.28610706329345703,257.4989929199219,651.6351318359375,0.020211294293403625,284.936279296875,640.5759887695312,0.7042251229286194,314.7384033203125,633.9031982421875,0.04624351114034653,365.08135986328125,711.9290161132812,0.9967193007469177,362.21624755859375,687.7534790039062,0.9641767740249634,305.7508850097656,882.3789672851562,0.9986990690231323,325.96417236328125,850.5277099609375,0.5901739001274109,254.15072631835938,767.6522216796875,0.9866554737091064,265.7321472167969,778.9605102539062,0.4556550085544586,499.94000244140625,956.628662109375,0.9965601563453674,464.42120361328125,921.3671264648438,0.9932652711868286,311.39215087890625,1079.476806640625,0.9975016713142395,317.318603515625,941.994873046875,0.9972949624061584,422.2864990234375,1264.0345458984375,0.9653818011283875,422.4866027832031,1124.4327392578125,0.9957600235939026
366,239.40032958984375,690.7670288085938,0.25839322805404663,243.32989501953125,671.0458984375,0.2570127248764038,244.6804656982422,670.3905639648438,0.03021356835961342,282.40771484375,664.308837890625,0.7078584432601929,293.08709716796875,661.3624267578125,0.06414772570133209,357.8529968261719,746.1697998046875,0.9958040118217468,322.1146240234375,727.4444580078125,0.9678090810775757,302.491455078125,916.3844604492188,0.9979921579360962,299.1250915527344,882.5989990234375,0.5436829924583435,250.1405792236328,793.819580078125,0.9844592809677124,257.77325439453125,807.4773559570312,0.4380168616771698,495.5809020996094,975.6068725585938,0.9967013001441956,441.2782287597656,946.2220458984375,0.9912813305854797,305.41259765625,1081.55908203125,0.9977923631668091,298.5592346191406,950.3876953125,0.9934855103492737,424.1763610839844,1264.1146240234375,0.9795075058937073,407.4822998046875,1112.4293212890625,0.993506669998169
367,245.65902709960938,720.5330200195312,0.23306718468666077,245.77603149414062,702.857421875,0.22935838997364044,255.10243225097656,698.831298828125,0.015635758638381958,278.9469909667969,697.4508056640625,0.7087148427963257,317.933349609375,687.219482421875,0.06786535680294037,356.0834655761719,778.06298828125,0.9964737296104431,357.9750061035156,750.8944091796875,0.9685985445976257,290.759033203125,941.1387329101562,0.9979914426803589,317.03240966796875,906.7744140625,0.6234505772590637,245.41372680664062,821.5819702148438,0.9884054660797119,260.2287292480469,830.2471923828125,0.5915717482566833,500.98822021484375,1002.0040283203125,0.9927458167076111,471.6454772949219,972.6937255859375,0.981399655342102,298.90625,1085.8651123046875,0.9956228137016296,304.20263671875,989.6864013671875,0.9853907823562622,416.9234313964844,1267.7440185546875,0.9863569736480713,416.329833984375,1121.372802734375,0.9933173656463623
368,245.13394165039062,731.5895385742188,0.11398307234048843,244.99473571777344,715.3419189453125,0.1142033115029335,263.8399658203125,712.6688232421875,0.02807476371526718,253.15740966796875,714.4216918945312,0.4323040544986725,315.036376953125,701.059326171875,0.19676129519939423,256.4364013671875,797.4397583007812,0.9731812477111816,349.0133972167969,760.7366333007812,0.9548730254173279,264.9960021972656,925.1827392578125,0.6748697757720947,341.6541748046875,911.9261474609375,0.13334357738494873,289.5124816894531,999.6093139648438,0.31249046325683594,302.87579345703125,1023.7501220703125,0.09103675186634064,474.84771728515625,1013.5634765625,0.9949076771736145,486.1871032714844,991.3973388671875,0.9881173968315125,294.3599853515625,1086.888427734375,0.9962692260742188,329.69842529296875,1005.49658203125,0.9655450582504272,408.59619140625,1264.7650146484375,0.9963986873626709,416.4696044921875,1131.7919921875,0.9913933277130127
369,247.7788848876953,724.3958129882812,0.19355207681655884,251.96292114257812,706.8286743164062,0.1966058611869812,261.7578430175781,705.9713745117188,0.06156117841601372,268.236572265625,707.4982299804688,0.454609751701355,304.41619873046875,699.0919189453125,0.19156324863433838,282.8450012207031,788.6520385742188,0.9487907290458679,335.82659912109375,762.1864013671875,0.9516400694847107,267.1929931640625,908.4984130859375,0.48690265417099,319.7790832519531,917.1201782226562,0.1908291131258011,277.15252685546875,990.8944091796875,0.27887237071990967,280.7761535644531,1029.4224853515625,0.13986611366271973,480.5892333984375,1015.037841796875,0.9943134784698486,468.1306457519531,994.8056640625,0.9915613532066345,293.31439208984375,1085.6851806640625,0.9956861734390259,315.9327697753906,1009.871826171875,0.977797269821167,409.7357177734375,1263.2725830078125,0.9964283108711243,416.4707946777344,1129.1600341796875,0.9945371747016907
370,241.50930786132812,706.0679931640625,0.22760151326656342,245.0989990234375,686.1048583984375,0.265776127576828,250.19189453125,684.40966796875,0.023388076573610306,284.0451354980469,681.852294921875,0.7058515548706055,310.3326721191406,675.3485107421875,0.08151175081729889,350.80615234375,771.7218627929688,0.9961172342300415,355.2503967285156,749.0191650390625,0.9683945178985596,289.4301452636719,945.4893798828125,0.997645914554596,306.03778076171875,915.6421508789062,0.7196570634841919,243.68563842773438,822.6689453125,0.985276997089386,252.75405883789062,828.8414306640625,0.7033129334449768,488.7062683105469,1002.4599609375,0.9939273595809937,460.9908447265625,973.9231567382812,0.9854494333267212,287.5767517089844,1089.148193359375,0.9949636459350586,296.71258544921875,986.982666015625,0.9855315685272217,409.5306396484375,1265.6593017578125,0.9851463437080383,410.4476318359375,1120.98779296875,0.9937684535980225
371,250.36801147460938,668.5724487304688,0.21786555647850037,251.7022705078125,649.4701538085938,0.21684630215168,259.17132568359375,648.1016235351562,0.018692439422011375,285.5368957519531,644.7453002929688,0.6804949045181274,317.9349365234375,639.4879150390625,0.06838297843933105,348.2808532714844,738.720703125,0.9961254000663757,358.89569091796875,716.7347412109375,0.9646446704864502,289.4878845214844,904.3592529296875,0.9983332753181458,304.7459716796875,877.2784423828125,0.7709077000617981,244.07858276367188,789.2811279296875,0.9858061671257019,253.24154663085938,793.710693359375,0.7991581559181213,477.94952392578125,983.9821166992188,0.9951791763305664,452.4527587890625,951.03955078125,0.9890962243080139,291.5724792480469,1088.5338134765625,0.9973989725112915,293.9702453613281,951.6861572265625,0.9953992962837219,412.406005859375,1262.81982421875,0.9719642996788025,404.0198974609375,1122.3505859375,0.9941635727882385
372,248.80648803710938,640.5731201171875,0.23533937335014343,249.3670196533203,621.3289184570312,0.20873132348060608,256.3570556640625,618.9220581054688,0.017546450719237328,284.5610656738281,612.0234985351562,0.6236375570297241,315.7667541503906,605.4588623046875,0.06331437081098557,350.83282470703125,698.8688354492188,0.9968319535255432,362.7801818847656,673.52685546875,0.9700104594230652,291.9330749511719,856.15625,0.9985688924789429,313.8382873535156,830.5042114257812,0.6692042350769043,244.17662048339844,749.2372436523438,0.9805372357368469,254.93585205078125,754.4959716796875,0.5635285973548889,476.4169616699219,949.300537109375,0.995497465133667,451.5212707519531,914.7025146484375,0.9937447905540466,296.5137634277344,1085.2562255859375,0.9961189031600952,312.0353088378906,950.06689453125,0.998028576374054,413.7772521972656,1265.4215087890625,0.9544021487236023,409.2919006347656,1132.929931640625,0.9972004890441895
373,247.126708984375,573.1270141601562,0.37002483010292053,250.6985321044922,552.929931640625,0.38068538904190063,255.87786865234375,552.4711303710938,0.01770051382482052,298.326904296875,546.2648315429688,0.8013712167739868,318.4780578613281,542.6363525390625,0.036550797522068024,357.2996826171875,647.2545776367188,0.9969620108604431,360.16943359375,626.0454711914062,0.9821348190307617,306.41925048828125,813.364501953125,0.9979349374771118,308.5768737792969,786.8209838867188,0.8872771859169006,249.13026428222656,712.2595825195312,0.9714387655258179,255.59036254882812,713.823974609375,0.8830769658088684,465.4345703125,908.561767578125,0.9954374432563782,440.4642028808594,879.861083984375,0.9951633214950562,308.58685302734375,1070.23046875,0.9964549541473389,314.85552978515625,949.598876953125,0.9985231757164001,414.1634521484375,1266.919189453125,0.9523459672927856,409.95086669921875,1134.113037109375,0.9971857666969299
374,263.45196533203125,526.44091796875,0.14838026463985443,262.3923034667969,506.1700134277344,0.1184251457452774,272.784423828125,505.58966064453125,0.006264491938054562,293.8048400878906,494.4866638183594,0.5804046988487244,333.35540771484375,491.1088562011719,0.042243875563144684,358.355224609375,598.4081420898438,0.9949668049812317,373.5319519042969,575.456298828125,0.944311797618866,319.88995361328125,772.0811157226562,0.9975130558013916,349.2760314941406,730.1837768554688,0.5181958079338074,250.2409210205078,674.9725952148438,0.9812569618225098,273.97796630859375,671.87548828125,0.5313779711723328,446.9083251953125,872.3325805664062,0.9933351278305054,433.36846923828125,843.18994140625,0.9879133105278015,319.37640380859375,1059.5367431640625,0.9968968629837036,319.27972412109375,947.9332275390625,0.9972975850105286,414.96038818359375,1265.5645751953125,0.9303659200668335,413.7310485839844,1138.5743408203125,0.9917854070663452
375,263.7537841796875,467.7519226074219,0.09662024676799774,263.63330078125,448.3104248046875,0.07820837944746017,276.3485107421875,446.21075439453125,0.0022936805617064238,297.2667236328125,442.80950927734375,0.7192740440368652,344.3074645996094,435.1081237792969,0.04182731732726097,363.7353210449219,549.7652587890625,0.9959524869918823,373.04925537109375,527.7374267578125,0.9374234676361084,336.00848388671875,728.283447265625,0.9958413243293762,350.90228271484375,693.2108764648438,0.2897332012653351,260.3599853515625,641.2858276367188,0.9777705073356628,278.4574890136719,640.14501953125,0.27370908856391907,440.5685729980469,833.767822265625,0.992668092250824,428.90338134765625,807.4869995117188,0.9803169965744019,335.96685791015625,1048.4031982421875,0.9965029954910278,332.3202209472656,948.8157348632812,0.9946250319480896,410.45587158203125,1265.336669921875,0.9172847867012024,414.5231628417969,1137.85107421875,0.9839338660240173
376,275.0079040527344,441.01361083984375,0.04914889112114906,273.1708679199219,420.9316101074219,0.04107241332530975,287.52642822265625,417.9740905761719,0.001633550156839192,304.3506164550781,410.9271240234375,0.6616953015327454,359.03887939453125,402.2554931640625,0.08171386271715164,372.3373107910156,512.9493408203125,0.9936036467552185,396.22845458984375,495.07757568359375,0.8989656567573547,348.7612609863281,685.9193115234375,0.9939578771591187,384.3311462402344,658.0181884765625,0.26973646879196167,269.4795227050781,616.0161743164062,0.9824458360671997,302.26025390625,615.2243041992188,0.33488669991493225,429.01373291015625,812.2693481445312,0.991287887096405,429.3915100097656,791.5952758789062,0.9612240195274353,353.67083740234375,1040.8890380859375,0.9971777200698853,362.7328796386719,980.38134765625,0.9860150814056396,408.24981689453125,1268.744384765625,0.9633882641792297,419.5473327636719,1152.1319580078125,0.9691126346588135
377,282.42254638671875,412.8708801269531,0.051702890545129776,281.1914978027344,394.6338195800781,0.026427799835801125,296.8256530761719,391.1464538574219,0.002141682431101799,306.39532470703125,392.1058349609375,0.5235282778739929,368.8579406738281,380.90753173828125,0.1100899875164032,365.3975524902344,501.5508728027344,0.9967532753944397,410.8995361328125,480.85797119140625,0.9251386523246765,363.0758972167969,665.6475219726562,0.9970186948776245,396.9825439453125,641.5734252929688,0.15871256589889526,276.6534118652344,602.9901123046875,0.9801320433616638,309.7595520019531,612.8656005859375,0.1870349794626236,415.82415771484375,788.8121948242188,0.9939587116241455,448.1982116699219,770.99072265625,0.9618220329284668,372.1758728027344,1018.63330078125,0.9965407252311707,390.12322998046875,980.6631469726562,0.965448796749115,407.0517578125,1264.809326171875,0.9844663143157959,394.0389404296875,1154.494384765625,0.9722559452056885
378,339.2770690917969,402.3728942871094,0.010129867121577263,325.4725341796875,381.6933898925781,0.01460415031760931,346.5831298828125,374.7526550292969,0.004281134344637394,305.31988525390625,380.07373046875,0.5639234185218811,384.0943603515625,368.82855224609375,0.36176177859306335,359.7063293457031,479.65130615234375,0.9160569906234741,425.87908935546875,455.4561462402344,0.7147594690322876,402.8766174316406,668.2802124023438,0.3299141228199005,432.91046142578125,633.2754516601562,0.15437881648540497,392.33544921875,697.0421142578125,0.12930166721343994,441.2619323730469,685.3983154296875,0.0856861099600792,417.6028747558594,804.2440795898438,0.9576855301856995,434.46588134765625,785.551025390625,0.8728339672088623,392.5755615234375,1047.1280517578125,0.9894415140151978,385.4695129394531,1005.9570922851562,0.9126016497612,415.49505615234375,1263.072265625,0.9804458022117615,395.90338134765625,1160.43603515625,0.9290591478347778
379,,,,,,,,,,,,,,,,,,,,,,,,,,,,,,,,,,,,,,,,,,,,,,,,,,,
380,327.33367919921875,379.796142578125,0.021632766351103783,318.77191162109375,359.7015075683594,0.032393183559179306,336.77008056640625,355.2013854980469,0.003462571185082197,320.90155029296875,356.1650390625,0.7479275465011597,390.9287414550781,348.15777587890625,0.29696160554885864,385.2149353027344,453.40692138671875,0.9841187000274658,421.1098327636719,448.3471374511719,0.7129592299461365,396.5789794921875,661.6553955078125,0.9482096433639526,405.25494384765625,630.0362548828125,0.06981603056192398,302.9656982421875,612.1220092773438,0.6451998949050903,324.64593505859375,615.019287109375,0.08800853788852692,412.8220520019531,772.5751342773438,0.9606585502624512,423.30499267578125,758.4629516601562,0.8225535154342651,412.19256591796875,1029.028076171875,0.9913535714149475,383.89801025390625,973.921875,0.9440250992774963,430.675537109375,1267.422119140625,0.9811506867408752,399.74493408203125,1131.22119140625,0.9795205593109131
381,307.4961242675781,387.1755065917969,0.02502693422138691,304.21685791015625,366.0440673828125,0.016794493421912193,321.32611083984375,364.1888732910156,0.0015313071198761463,323.1526794433594,363.6284484863281,0.7385885715484619,387.96697998046875,356.1449890136719,0.3098934292793274,393.67572021484375,475.04058837890625,0.9971299767494202,398.8350830078125,460.2991943359375,0.9544537663459778,399.4444885253906,651.422119140625,0.9901641011238098,387.87109375,611.9719848632812,0.284155011177063,297.1647033691406,602.6148071289062,0.9731689095497131,320.5400695800781,627.5934448242188,0.5377987623214722,398.09326171875,781.8201293945312,0.9886603355407715,397.8489074707031,766.7742919921875,0.9545117616653442,408.2760009765625,1014.9808349609375,0.9950727820396423,380.6432189941406,970.6676025390625,0.9771764278411865,428.5991516113281,1247.980712890625,0.9886743426322937,392.3958740234375,1121.8641357421875,0.9898782968521118
382,,,,,,,,,,,,,,,,,,,,,,,,,,,,,,,,,,,,,,,,,,,,,,,,,,,
383,296.8959655761719,392.4945983886719,0.15172404050827026,298.585693359375,371.46673583984375,0.11749672144651413,307.1810302734375,371.6015319824219,0.004384777508676052,335.00299072265625,366.4303894042969,0.7671664953231812,373.5085754394531,363.02825927734375,0.06530708074569702,397.6334228515625,481.6138000488281,0.9970583915710449,405.6163330078125,466.6954345703125,0.9107741713523865,390.1717834472656,661.8862915039062,0.9924454092979431,399.92816162109375,612.5087890625,0.08340203762054443,291.09393310546875,608.9563598632812,0.9719180464744568,321.5143127441406,591.7642822265625,0.22835703194141388,392.8302001953125,799.18994140625,0.9894919395446777,396.5682678222656,784.4006958007812,0.9363120794296265,398.3868408203125,1032.9453125,0.9942870736122131,378.0788269042969,991.9121704101562,0.9585847854614258,420.8524475097656,1266.8602294921875,0.9848084449768066,391.12322998046875,1143.16259765625,0.9824073314666748
384,295.72344970703125,398.0997619628906,0.11006615310907364,300.14910888671875,379.767822265625,0.05225328728556633,309.1986083984375,378.4212646484375,0.003700592555105686,339.8204345703125,378.9786682128906,0.5595525503158569,382.1562194824219,370.0643005371094,0.09703578054904938,392.1856689453125,489.5881042480469,0.996716320514679,418.4020080566406,468.9021911621094,0.9481223225593567,383.5931091308594,671.3138427734375,0.9950789213180542,418.9429626464844,549.5401611328125,0.12442360818386078,289.0394287109375,608.4325561523438,0.9898659586906433,346.7889709472656,520.613037109375,0.2529260516166687,392.203369140625,800.82958984375,0.9926907420158386,406.9088134765625,785.3785400390625,0.9593695998191833,394.9786376953125,1036.1424560546875,0.9954054355621338,381.0372009277344,992.7786254882812,0.9598840475082397,418.2781982421875,1273.98095703125,0.9891055226325989,391.50262451171875,1152.532958984375,0.9840807318687439
385,,,,,,,,,,,,,,,,,,,,,,,,,,,,,,,,,,,,,,,,,,,,,,,,,,,
386,276.3085632324219,416.4329833984375,0.18529947102069855,277.7151184082031,397.397705078125,0.14077413082122803,287.7292175292969,395.8193359375,0.004765022080391645,322.4644470214844,389.38397216796875,0.6303241848945618,365.9850158691406,382.43914794921875,0.03974183648824692,387.09228515625,487.3746643066406,0.9949872493743896,418.62811279296875,468.46734619140625,0.8716607093811035,359.39117431640625,672.4562377929688,0.9939659237861633,405.5979309082031,610.862548828125,0.06447111070156097,275.3476257324219,602.4537353515625,0.9799103736877441,325.5997009277344,573.993408203125,0.117189422249794,400.8137512207031,807.005126953125,0.9894696474075317,415.474365234375,788.6962890625,0.9431514739990234,393.94891357421875,1046.459228515625,0.9956458210945129,375.22625732421875,999.4071655273438,0.9753305315971375,412.8238220214844,1280.5703125,0.9865404963493347,388.65679931640625,1153.49853515625,0.9881818890571594
387,262.56396484375,430.9959411621094,0.08070256561040878,262.3983459472656,412.3094177246094,0.03411980718374252,275.6573486328125,408.5171813964844,0.0038388678804039955,294.2564697265625,411.2135314941406,0.43226128816604614,352.5251770019531,400.92742919921875,0.13036297261714935,370.4095764160156,504.20465087890625,0.9934908151626587,400.18310546875,494.432861328125,0.9269880652427673,342.5292663574219,675.1650390625,0.9965774416923523,383.6922912597656,663.821533203125,0.16079869866371155,261.8012390136719,595.00537109375,0.9843255281448364,298.8249206542969,604.6905517578125,0.16524694859981537,408.5614318847656,822.4819946289062,0.9898111820220947,418.6626281738281,804.5438232421875,0.9662085175514221,379.9874572753906,1061.845458984375,0.997345507144928,359.4812316894531,1012.7596435546875,0.9908615350723267,403.9341125488281,1286.4652099609375,0.9912561178207397,374.9326171875,1160.898681640625,0.9949695467948914
388,271.6581115722656,457.97235107421875,0.07587853819131851,273.93157958984375,435.74420166015625,0.0754256322979927,279.40570068359375,435.78692626953125,0.0051254527643322945,314.1706237792969,424.9850158691406,0.6243268251419067,344.07275390625,422.78045654296875,0.09286332875490189,375.717041015625,526.6725463867188,0.9937254786491394,389.9968566894531,515.5083618164062,0.8779311776161194,328.2832336425781,698.3505249023438,0.9961470365524292,363.50341796875,683.208740234375,0.08082256466150284,260.4337158203125,608.4270629882812,0.9822703003883362,283.0264892578125,623.2132568359375,0.06831728667020798,422.1126403808594,834.7242431640625,0.9940670728683472,409.1556701660156,813.0371704101562,0.9667998552322388,366.3332824707031,1071.3076171875,0.9977710247039795,333.6410217285156,993.1448364257812,0.9843536019325256,402.6331787109375,1297.95556640625,0.9787548184394836,365.6999816894531,1168.30419921875,0.9813970327377319
389,235.0743408203125,501.1415710449219,0.21203093230724335,236.46475219726562,480.98486328125,0.1634656935930252,245.69854736328125,479.9151611328125,0.006225648336112499,286.6272277832031,468.8819885253906,0.707441508769989,323.2889709472656,464.75439453125,0.041123274713754654,361.7825622558594,559.7156372070312,0.9973928928375244,375.64508056640625,547.2727661132812,0.9638385772705078,319.64044189453125,731.339111328125,0.9985806941986084,336.83953857421875,709.461181640625,0.43625083565711975,256.1492919921875,633.77783203125,0.9789912700653076,260.3316650390625,642.3704223632812,0.41836991906166077,436.2809143066406,849.44921875,0.99493008852005,426.6950378417969,826.292236328125,0.9894434213638306,336.0741882324219,1066.7462158203125,0.9976317882537842,320.3591003417969,977.4179077148438,0.9974616765975952,396.33404541015625,1296.9688720703125,0.9362671375274658,398.6460266113281,1166.186767578125,0.9910091161727905
390,242.44972229003906,555.1138916015625,0.1727999746799469,243.72935485839844,535.5960083007812,0.15016376972198486,249.5674591064453,533.84033203125,0.009037566371262074,285.095458984375,522.7818603515625,0.6165958642959595,312.68927001953125,517.8917236328125,0.04403219744563103,353.42779541015625,605.9188232421875,0.9950887560844421,365.4969787597656,586.2431030273438,0.9304182529449463,301.28460693359375,777.1348876953125,0.9977974891662598,332.43206787109375,742.0399169921875,0.34462958574295044,245.9423065185547,674.2782592773438,0.9754891991615295,262.6757507324219,677.7272338867188,0.3232300281524658,441.1064758300781,879.2813720703125,0.9922084212303162,427.56689453125,852.3302001953125,0.9859904050827026,318.9156494140625,1076.1263427734375,0.9967875480651855,311.09625244140625,977.098876953125,0.9974833130836487,401.6291198730469,1302.9332275390625,0.918810248374939,403.4286193847656,1171.6273193359375,0.9912432432174683
391,254.9337615966797,593.8659057617188,0.17955538630485535,259.4139404296875,569.5927734375,0.12938955426216125,260.55670166015625,570.9811401367188,0.06340837478637695,279.0391845703125,562.1753540039062,0.28497210144996643,303.21527099609375,561.8889770507812,0.12688709795475006,329.4433898925781,645.55224609375,0.6191126108169556,351.6445617675781,611.081298828125,0.8361300826072693,302.44146728515625,789.0914916992188,0.18720078468322754,343.6202697753906,707.6163330078125,0.1115364208817482,244.8614959716797,823.35302734375,0.11579583585262299,300.9610290527344,747.5416259765625,0.06994698941707611,467.89056396484375,894.9959716796875,0.9329966902732849,455.7095947265625,861.310302734375,0.967527449131012,299.35986328125,1083.62255859375,0.994688868522644,304.249755859375,955.3702392578125,0.9960152506828308,402.6144104003906,1317.0731201171875,0.9468831419944763,401.79632568359375,1183.0345458984375,0.9882128834724426
392,214.97520446777344,643.9887084960938,0.3663386106491089,216.40505981445312,625.01416015625,0.31995072960853577,223.71365356445312,622.749267578125,0.01836899295449257,259.86334228515625,615.1719360351562,0.6398908495903015,291.025146484375,608.4996337890625,0.029875002801418304,334.96343994140625,700.4601440429688,0.9964224696159363,345.03192138671875,677.0186157226562,0.9680050611495972,276.86053466796875,863.2401733398438,0.9988897442817688,306.27239990234375,828.3248291015625,0.6274927258491516,230.10275268554688,751.5781860351562,0.9851185083389282,247.2742919921875,758.1241455078125,0.4769323766231537,452.2091369628906,944.8072509765625,0.9948896169662476,431.9627685546875,913.4144897460938,0.9919608235359192,292.6504211425781,1100.3712158203125,0.9978792667388916,292.481689453125,983.6553955078125,0.9983345866203308,389.27044677734375,1297.004638671875,0.9416813850402832,396.67236328125,1170.3486328125,0.9936251640319824
393,218.32603454589844,688.9100341796875,0.4657939374446869,223.3755340576172,668.9164428710938,0.5253989100456238,222.45477294921875,669.3535766601562,0.06037869304418564,272.8481140136719,657.4349975585938,0.6820803880691528,276.2973327636719,656.6409301757812,0.02961130253970623,334.12261962890625,736.4637451171875,0.9945235252380371,330.7496643066406,717.6478271484375,0.9590519666671753,273.44952392578125,903.1843872070312,0.998594343662262,284.81695556640625,878.2994384765625,0.7252398133277893,227.5513916015625,788.5064697265625,0.9850530028343201,233.9291229248047,794.9968872070312,0.6576052308082581,457.2913513183594,978.1278076171875,0.9951651096343994,427.7760925292969,948.47607421875,0.9928876757621765,281.8069763183594,1108.7039794921875,0.9972829818725586,287.327392578125,986.2733764648438,0.9979628324508667,385.695556640625,1297.0704345703125,0.9643182158470154,399.3511657714844,1172.7896728515625,0.9960809350013733
394,217.48526000976562,718.0848388671875,0.16822488605976105,217.26510620117188,699.5807495117188,0.1943841278553009,226.64291381835938,697.293212890625,0.016461526975035667,250.0025634765625,690.0211791992188,0.6904245018959045,287.7809143066406,683.3114013671875,0.07289332896471024,324.19854736328125,773.700927734375,0.9971331357955933,331.5395812988281,754.3042602539062,0.9689720273017883,271.061767578125,940.0933837890625,0.9983365535736084,297.4398193359375,911.572021484375,0.530855655670166,221.11976623535156,820.0950927734375,0.9862765073776245,236.45166015625,837.3486938476562,0.45953816175460815,455.95867919921875,1010.3119506835938,0.9970629811286926,428.59759521484375,976.3622436523438,0.9935263395309448,268.50592041015625,1119.2103271484375,0.9965434670448303,264.5238342285156,978.86279296875,0.9948346614837646,394.4626770019531,1290.2548828125,0.9669617414474487,382.27362060546875,1153.704345703125,0.9944779872894287
395,220.77537536621094,745.1624145507812,0.3034021258354187,225.16758728027344,725.605224609375,0.33072683215141296,227.12229919433594,724.9692993164062,0.03221811726689339,267.2501220703125,715.6580810546875,0.7289716601371765,282.9936218261719,712.2340087890625,0.05205950140953064,325.19976806640625,802.665771484375,0.995826780796051,337.10003662109375,781.585205078125,0.9734750986099243,270.1651306152344,971.11572265625,0.9984618425369263,288.0263671875,935.5222778320312,0.6967557072639465,224.6474609375,848.4239501953125,0.9903629422187805,233.22439575195312,858.022705078125,0.655317485332489,457.4654235839844,1033.994873046875,0.9968397617340088,433.4293212890625,1002.4185791015625,0.990346372127533,263.77294921875,1121.0045166015625,0.9980279803276062,262.2257385253906,994.0028686523438,0.9892723560333252,390.9414367675781,1291.5084228515625,0.9881501197814941,380.1441955566406,1145.15234375,0.9921520352363586
396,243.5932159423828,743.7322998046875,0.037430670112371445,239.13455200195312,723.2465209960938,0.020101014524698257,257.95709228515625,721.213134765625,0.004107165150344372,240.8626708984375,727.34033203125,0.5177269577980042,311.247802734375,718.9744873046875,0.27861955761909485,302.8883056640625,852.7781372070312,0.9714744687080383,352.52886962890625,836.4747924804688,0.9173430800437927,467.1642150878906,1015.7623291015625,0.9325174689292908,412.211181640625,988.398193359375,0.35692545771598816,330.5995178222656,1088.27294921875,0.8008978962898254,337.9485168457031,1078.0201416015625,0.16779376566410065,364.7478332519531,1113.028076171875,0.8396375775337219,377.6111145019531,1098.5084228515625,0.7003620862960815,345.371826171875,1255.7161865234375,0.5829066634178162,351.97821044921875,1251.865234375,0.4040891230106354,368.57586669921875,1364.9051513671875,0.2460685819387436,390.01531982421875,1351.070556640625,0.19942016899585724
397,,,,,,,,,,,,,,,,,,,,,,,,,,,,,,,,,,,,,,,,,,,,,,,,,,,
398,225.96168518066406,727.0778198242188,0.3363901972770691,231.4893035888672,707.4373779296875,0.43568792939186096,233.3398895263672,707.0086059570312,0.06310142576694489,277.49249267578125,699.7464599609375,0.7521697282791138,289.4985046386719,695.7020263671875,0.08650030940771103,333.5877990722656,788.0316772460938,0.9961028099060059,332.0093078613281,768.1957397460938,0.9774091243743896,274.2464599609375,953.9373168945312,0.9985076785087585,288.36517333984375,923.2646484375,0.6481358408927917,226.51898193359375,829.623779296875,0.9878019690513611,234.6730499267578,842.0620727539062,0.5538886189460754,458.982421875,1027.692626953125,0.9974038004875183,426.4372863769531,996.6555786132812,0.9939613342285156,260.62127685546875,1118.7562255859375,0.9977136850357056,259.9530334472656,989.8814697265625,0.9934281706809998,387.8086242675781,1291.916259765625,0.9847995042800903,381.4711608886719,1147.0155029296875,0.9946513772010803
399,222.39581298828125,687.0711059570312,0.3178692162036896,228.51348876953125,666.8569946289062,0.36114972829818726,228.63687133789062,668.0407104492188,0.0423092283308506,274.52362060546875,662.7745361328125,0.6291584968566895,282.4233093261719,662.010986328125,0.040707334876060486,334.8450927734375,752.5144653320312,0.9948571920394897,328.268798828125,736.8960571289062,0.9645441770553589,274.13006591796875,916.610595703125,0.9984756112098694,283.3338317871094,890.870361328125,0.7906236052513123,230.84120178222656,796.9674682617188,0.9851728677749634,240.74290466308594,802.933837890625,0.7497692704200745,457.94195556640625,1000.625244140625,0.9958321452140808,425.95379638671875,970.0231323242188,0.9933874607086182,273.4749755859375,1115.287353515625,0.9970136880874634,276.6909484863281,978.6578979492188,0.9972060322761536,390.42584228515625,1294.72119140625,0.9682008028030396,392.3951110839844,1162.3857421875,0.9961283206939697
400,227.07620239257812,662.1956787109375,0.38881033658981323,232.9491424560547,640.4444580078125,0.4486052989959717,231.84060668945312,640.8216552734375,0.059537142515182495,281.0133056640625,630.923828125,0.6435543298721313,286.8060607910156,629.5276489257812,0.05125044286251068,337.56256103515625,715.1817626953125,0.9955844283103943,344.23199462890625,698.905029296875,0.9653834700584412,276.8260803222656,878.04736328125,0.998939573764801,291.2574462890625,853.2830810546875,0.7611107230186462,231.8204345703125,759.6177978515625,0.9854227304458618,241.3548583984375,765.6236572265625,0.6795254945755005,451.2186584472656,961.446533203125,0.9957584738731384,426.1599426269531,932.5792236328125,0.9934539794921875,285.36224365234375,1106.297607421875,0.9975357055664062,283.146728515625,986.3482055664062,0.997870683670044,388.93133544921875,1296.857666015625,0.960732638835907,398.257568359375,1169.791748046875,0.9951280355453491
401,231.34556579589844,614.7108154296875,0.14459089934825897,239.466552734375,591.9962158203125,0.13482588529586792,243.61439514160156,591.948486328125,0.029874399304389954,271.54742431640625,593.532958984375,0.5170187950134277,297.60614013671875,587.034912109375,0.14067094027996063,312.0169982910156,674.0326538085938,0.8856219053268433,328.747314453125,651.6430053710938,0.9337055087089539,297.87139892578125,772.6338500976562,0.22199583053588867,308.5400085449219,760.0104370117188,0.0908706933259964,259.1012268066406,790.605712890625,0.10796087980270386,285.1672058105469,812.5416870117188,0.0778060033917427,455.5686950683594,915.9916381835938,0.978050172328949,437.24530029296875,890.482421875,0.9883002042770386,293.8416442871094,1091.5379638671875,0.9969869256019592,288.7758483886719,978.4781494140625,0.9980317950248718,389.27374267578125,1306.8338623046875,0.949487566947937,394.07684326171875,1176.1434326171875,0.9914788603782654
402,241.8119354248047,556.4611206054688,0.20170190930366516,243.98475646972656,535.811767578125,0.16282251477241516,250.10934448242188,534.5350341796875,0.013502543792128563,280.5290222167969,527.8558959960938,0.5949820876121521,310.05572509765625,523.0654296875,0.06325709074735641,343.01007080078125,625.7230224609375,0.9959030747413635,352.69464111328125,608.884033203125,0.9685069918632507,297.4539489746094,801.0465087890625,0.9986191987991333,312.5284118652344,772.259765625,0.7372885346412659,239.5714111328125,695.6251831054688,0.9806700944900513,253.25173950195312,696.0234375,0.6930391192436218,440.63079833984375,897.7816162109375,0.9948732256889343,420.94195556640625,872.1846923828125,0.9923855066299438,302.90423583984375,1085.233154296875,0.9979338645935059,302.70562744140625,983.2210083007812,0.998353123664856,387.47039794921875,1300.16552734375,0.9248641133308411,392.3112487792969,1173.386474609375,0.9909458160400391
403,233.4679718017578,499.74566650390625,0.14350497722625732,237.30252075195312,479.2537536621094,0.0977015271782875,245.67051696777344,479.0456237792969,0.005123903974890709,283.6202392578125,474.4147033691406,0.5418135523796082,318.11309814453125,469.5163879394531,0.041391801089048386,346.0757141113281,583.4434814453125,0.9959917664527893,363.8779602050781,566.2496948242188,0.9602303504943848,309.9612121582031,758.7694091796875,0.9981367588043213,336.323974609375,728.36376953125,0.5704076886177063,239.2586669921875,662.2256469726562,0.9766493439674377,264.50830078125,658.5254516601562,0.5944923162460327,426.4499816894531,866.785888671875,0.9946526288986206,417.3916931152344,841.2073974609375,0.9899529814720154,316.8815002441406,1079.4415283203125,0.997369647026062,308.7234802246094,979.51904296875,0.9972777962684631,392.86895751953125,1305.5234375,0.9077383279800415,391.3340759277344,1168.118896484375,0.987038254737854
404,257.72161865234375,472.0370178222656,0.057498134672641754,258.2822570800781,450.9720153808594,0.04805924743413925,266.8349609375,450.2575378417969,0.005244341213256121,285.7123718261719,446.0802001953125,0.539286196231842,326.77545166015625,441.89569091796875,0.12461332231760025,344.4643249511719,556.0317993164062,0.9951901435852051,369.57928466796875,540.536865234375,0.9423011541366577,321.40228271484375,728.411376953125,0.9977642297744751,339.263427734375,701.8150024414062,0.5924376845359802,245.81109619140625,638.5374145507812,0.9777624011039734,261.7718811035156,637.4239501953125,0.6697113513946533,418.6831970214844,840.4608154296875,0.9954087138175964,413.4503173828125,816.5107421875,0.9860907793045044,335.3255920410156,1072.3580322265625,0.9971985816955566,323.5558776855469,983.1192626953125,0.9919118881225586,394.4734802246094,1306.9344482421875,0.9540840983390808,374.4176330566406,1185.4217529296875,0.9791943430900574
405,242.61181640625,446.665283203125,0.1078699454665184,244.25653076171875,425.9374084472656,0.1403137445449829,256.2527770996094,424.2352294921875,0.004623549524694681,289.7446594238281,414.60113525390625,0.8333023190498352,333.95770263671875,405.86865234375,0.09884175658226013,345.82415771484375,524.0745849609375,0.9981659054756165,376.90777587890625,501.79876708984375,0.9555692672729492,332.841796875,691.9674072265625,0.9959831237792969,359.03619384765625,662.885009765625,0.15743644535541534,247.73779296875,628.8925170898438,0.9752092957496643,278.46697998046875,629.1123657226562,0.1698913723230362,410.06280517578125,819.5658569335938,0.9949157238006592,428.1236572265625,802.6544189453125,0.9654143452644348,361.32684326171875,1057.0362548828125,0.9951033592224121,360.62261962890625,1013.6177368164062,0.9460893273353577,385.8153991699219,1291.7418212890625,0.9794416427612305,363.60400390625,1186.7506103515625,0.9564477205276489
406,265.84490966796875,416.99969482421875,0.03516317158937454,266.2247619628906,397.40478515625,0.025604015216231346,279.87176513671875,394.46307373046875,0.001630669110454619,294.7728576660156,391.4501953125,0.6787183284759521,351.1845703125,380.45361328125,0.1600416898727417,346.4701232910156,500.3983459472656,0.9980746507644653,392.4847106933594,485.34417724609375,0.9547925591468811,345.7886962890625,674.3154296875,0.9954820871353149,385.81915283203125,649.3902587890625,0.18826286494731903,253.54302978515625,619.865966796875,0.9756546020507812,293.14727783203125,615.718505859375,0.20393407344818115,399.6304016113281,806.6875,0.9913656711578369,439.711669921875,793.7254028320312,0.9502840638160706,372.5733642578125,1038.5965576171875,0.9889073371887207,390.0945129394531,1005.27392578125,0.9205787181854248,386.0993957519531,1283.2132568359375,0.9799364805221558,379.3183288574219,1195.0872802734375,0.9678760766983032
407,,,,,,,,,,,,,,,,,,,,,,,,,,,,,,,,,,,,,,,,,,,,,,,,,,,
408,,,,,,,,,,,,,,,,,,,,,,,,,,,,,,,,,,,,,,,,,,,,,,,,,,,
409,269.6261291503906,407.55926513671875,0.14260922372341156,269.8020324707031,387.79937744140625,0.09712045639753342,279.0513610839844,388.15985107421875,0.0031754481606185436,304.5521240234375,381.25250244140625,0.6757386922836304,343.7572937011719,379.09600830078125,0.05134664848446846,364.01385498046875,493.3050231933594,0.9950297474861145,374.2701416015625,477.2071533203125,0.9034715890884399,370.7934875488281,664.5285034179688,0.9907475709915161,364.6868896484375,624.3831787109375,0.2206999659538269,276.863037109375,619.2528076171875,0.9786713123321533,296.617919921875,606.207763671875,0.37256333231925964,378.0716857910156,806.5230102539062,0.9843456149101257,379.74609375,791.2611694335938,0.9248543381690979,384.98529052734375,1042.7686767578125,0.9932502508163452,359.8349914550781,995.0861206054688,0.9643683433532715,394.99212646484375,1277.013427734375,0.9908156394958496,378.0267028808594,1154.4459228515625,0.991530179977417
410,269.425048828125,405.5059814453125,0.10034457594156265,267.2916259765625,385.1257019042969,0.06105261668562889,280.4269104003906,385.0482177734375,0.0017687482759356499,298.1470031738281,378.15264892578125,0.6697706580162048,348.4917297363281,375.4295349121094,0.05538260191679001,365.8618469238281,491.17694091796875,0.9951562881469727,373.767578125,476.29522705078125,0.9038868546485901,370.6197204589844,662.5436401367188,0.9898648858070374,365.09197998046875,621.8079223632812,0.2420136034488678,275.50238037109375,618.69482421875,0.9789735674858093,295.36773681640625,606.404541015625,0.43354496359825134,370.31500244140625,807.2569580078125,0.985602855682373,368.300048828125,791.41357421875,0.9348502159118652,380.73443603515625,1044.4296875,0.9946236610412598,348.1168518066406,994.0016479492188,0.9764305949211121,395.9371643066406,1275.9781494140625,0.9900355935096741,368.79815673828125,1152.069091796875,0.9926909804344177
411,263.1478576660156,406.2591247558594,0.11160917580127716,263.5051574707031,386.2010192871094,0.05919386446475983,275.8829650878906,385.4976806640625,0.0025596506893634796,298.8499755859375,379.78436279296875,0.5954058766365051,347.5909423828125,373.7743835449219,0.06241095811128616,363.6062927246094,495.1861572265625,0.9970200657844543,372.361572265625,474.7582702636719,0.9231082797050476,365.1617431640625,667.8101196289062,0.9949878454208374,367.136474609375,621.996826171875,0.133640319108963,270.61993408203125,616.9638671875,0.9862269759178162,302.4790954589844,599.8715209960938,0.28245705366134644,361.6514587402344,809.5914306640625,0.9918757677078247,363.55877685546875,793.0213012695312,0.9595981240272522,371.6169738769531,1046.88720703125,0.995704710483551,344.4680480957031,1006.8591918945312,0.9816120266914368,390.33746337890625,1272.3629150390625,0.9870031476020813,364.4225158691406,1157.3687744140625,0.9902875423431396
412,332.8849792480469,402.37762451171875,0.04664938151836395,318.6096496582031,382.9944152832031,0.03697681054472923,341.3953857421875,378.19219970703125,0.019324352964758873,293.4619445800781,379.3897705078125,0.34505265951156616,375.4333801269531,371.6888427734375,0.32397618889808655,329.0249328613281,465.6750183105469,0.8511883020401001,400.6806640625,441.9476318359375,0.7384673357009888,349.4969482421875,654.4659423828125,0.26841551065444946,400.58837890625,598.6851806640625,0.16775690019130707,353.41900634765625,681.64599609375,0.0787668228149414,400.4681396484375,620.9100341796875,0.12026804685592651,362.84808349609375,819.2450561523438,0.9336265325546265,387.27716064453125,805.7103881835938,0.8923906087875366,363.0777587890625,1063.1480712890625,0.9879976511001587,347.3192138671875,1037.035888671875,0.9518149495124817,381.8174133300781,1290.3896484375,0.9683544039726257,366.04241943359375,1182.9222412109375,0.9393137097358704
413,261.32281494140625,403.9859924316406,0.0774606242775917,259.6031799316406,380.04681396484375,0.1562143713235855,280.97698974609375,378.29925537109375,0.0137250367552042,279.51708984375,379.78350830078125,0.7551078796386719,361.3382568359375,369.08184814453125,0.2951415479183197,303.6600036621094,489.77557373046875,0.9160802364349365,389.9482421875,474.76641845703125,0.6800281405448914,307.15289306640625,651.0194702148438,0.2551244795322418,389.4912414550781,632.4533081054688,0.0386214479804039,318.5818786621094,730.56640625,0.1265658289194107,381.4684143066406,735.4625854492188,0.05427411571145058,362.1784973144531,816.477294921875,0.9397810697555542,398.6244201660156,806.6483154296875,0.7764354944229126,364.1758728027344,1066.400390625,0.9888538122177124,357.32550048828125,1033.516357421875,0.8592578768730164,378.33831787109375,1290.469482421875,0.9669277667999268,374.7936706542969,1192.2529296875,0.8453525304794312
414,287.79864501953125,488.982421875,0.021866127848625183,288.69586181640625,475.9547424316406,0.004179933108389378,293.42462158203125,473.70623779296875,0.0005364776006899774,310.1344909667969,463.99896240234375,0.02160327509045601,338.27166748046875,458.7456359863281,0.004090349655598402,347.68359375,515.6285400390625,0.9449596405029297,384.5228576660156,511.6802062988281,0.38766998052597046,320.9263610839844,669.5322875976562,0.992294192314148,361.32373046875,653.9423828125,0.04476900398731232,234.19898986816406,595.1470947265625,0.9676755666732788,276.17901611328125,620.192626953125,0.03960511088371277,361.9481506347656,813.1209716796875,0.989355206489563,387.9046936035156,800.8106079101562,0.8962671756744385,353.2641906738281,1054.7315673828125,0.9962526559829712,347.5893249511719,1016.7789306640625,0.8949824571609497,382.72369384765625,1291.9658203125,0.9865095019340515,363.11016845703125,1185.0069580078125,0.9291336536407471
415,230.50421142578125,433.06671142578125,0.12476197630167007,231.348388671875,412.0367126464844,0.08050233870744705,241.71595764160156,412.1793518066406,0.002421296201646328,278.01190185546875,400.12359619140625,0.6782068014144897,318.5780029296875,397.8020324707031,0.040670957416296005,339.98028564453125,501.6142883300781,0.9972151517868042,361.1890869140625,492.38494873046875,0.9421519041061401,306.3765563964844,671.9410400390625,0.9974609613418579,341.29974365234375,655.9732055664062,0.15314753353595734,227.32711791992188,591.6365966796875,0.9758541584014893,259.6606750488281,614.4813842773438,0.12311222404241562,373.37969970703125,808.3580322265625,0.9945734143257141,395.9302978515625,794.3577270507812,0.9612722992897034,342.008544921875,1055.60302734375,0.9971578121185303,336.585205078125,1008.0755615234375,0.9577729105949402,375.1158447265625,1286.4637451171875,0.9877235889434814,355.67242431640625,1168.2364501953125,0.9715085625648499
416,226.54539489746094,447.9587707519531,0.13899250328540802,225.75364685058594,425.5850524902344,0.12249381840229034,237.0391387939453,425.36163330078125,0.0033305727411061525,270.301025390625,413.7778015136719,0.7706888318061829,315.35919189453125,411.4768981933594,0.06517580151557922,342.492919921875,518.4035034179688,0.9968705773353577,362.3328552246094,506.9554138183594,0.9333043098449707,298.24993896484375,688.88916015625,0.9977072477340698,335.1255187988281,667.6719970703125,0.20499588549137115,226.32736206054688,603.0732421875,0.99151211977005,241.56234741210938,605.8140258789062,0.23582954704761505,380.8087158203125,829.4336547851562,0.9923374056816101,386.0347595214844,815.7964477539062,0.9519376754760742,338.292724609375,1069.213623046875,0.9972660541534424,318.546875,1039.2742919921875,0.9710924029350281,374.34375,1290.866943359375,0.9822536110877991,344.65325927734375,1195.5577392578125,0.9627415537834167
417,234.80067443847656,443.1546630859375,0.11142929643392563,240.47842407226562,423.29302978515625,0.0737220048904419,246.34213256835938,422.9562683105469,0.007165888790041208,281.7438049316406,428.2124938964844,0.6945274472236633,314.4048156738281,422.99981689453125,0.17922304570674896,340.3488464355469,534.2521362304688,0.9968394041061401,344.9583740234375,526.8867797851562,0.9685838222503662,306.3206787109375,700.5126342773438,0.998295247554779,325.154541015625,674.7236938476562,0.3796475827693939,221.8253936767578,611.543701171875,0.9938961863517761,234.09646606445312,617.479736328125,0.4214320480823517,384.60748291015625,829.9559936523438,0.9944334626197815,386.4659423828125,818.6689453125,0.9725679755210876,331.657470703125,1069.7041015625,0.9974806904792786,313.8017578125,1037.8455810546875,0.9737229943275452,371.94390869140625,1293.5728759765625,0.9825793504714966,358.1982421875,1203.176025390625,0.9592697620391846
418,242.30775451660156,430.28936767578125,0.1561059057712555,248.891357421875,410.2111511230469,0.13867691159248352,252.03323364257812,410.970703125,0.005438140127807856,294.8930358886719,413.3262634277344,0.7795588374137878,318.00030517578125,410.5843811035156,0.06571540236473083,342.88134765625,519.3421630859375,0.9958978295326233,355.3903503417969,510.8194885253906,0.949750542640686,315.5819396972656,696.8687133789062,0.9974669218063354,339.0547790527344,671.5142822265625,0.4665994942188263,221.74449157714844,622.6604614257812,0.990016758441925,241.85635375976562,625.6651611328125,0.5392718315124512,379.979248046875,826.3081665039062,0.9935320615768433,385.4401550292969,814.7160034179688,0.9602280855178833,334.4937744140625,1066.52880859375,0.9973010420799255,316.94940185546875,1030.339599609375,0.9599085450172424,371.7613220214844,1294.6829833984375,0.9839210510253906,352.95892333984375,1206.5084228515625,0.9465909004211426
419,258.187255859375,433.74127197265625,0.09528715163469315,265.44842529296875,414.26751708984375,0.05596496909856796,265.77056884765625,414.1004638671875,0.004209777340292931,308.1865539550781,414.1425476074219,0.5311705470085144,325.99627685546875,409.8832092285156,0.07361087203025818,348.53070068359375,518.8826904296875,0.9936277866363525,370.2329406738281,507.14361572265625,0.9132698178291321,332.6487731933594,687.730712890625,0.9970806241035461,352.223876953125,668.0067749023438,0.19073472917079926,223.01284790039062,646.417236328125,0.9914863109588623,262.7462463378906,657.3488159179688,0.18449044227600098,373.6672058105469,822.7265014648438,0.9953213334083557,391.6897888183594,808.2022705078125,0.966556966304779,336.4922790527344,1061.6778564453125,0.9979467988014221,332.3612060546875,1023.9259033203125,0.9660846590995789,371.6267395019531,1290.402099609375,0.9890240430831909,363.84234619140625,1188.252685546875,0.9650255441665649
420,249.57679748535156,395.2029113769531,0.2638232409954071,256.31884765625,374.3083801269531,0.24090276658535004,256.29180908203125,375.7080078125,0.0059470534324646,298.0560302734375,376.3631591796875,0.8340716361999512,316.064697265625,375.7537536621094,0.02910190261900425,355.0123291015625,501.3492431640625,0.9946203231811523,357.3485107421875,489.84527587890625,0.8734040856361389,345.02301025390625,677.0983276367188,0.9928602576255798,355.5465087890625,650.7552490234375,0.06693914532661438,230.2958221435547,679.6358032226562,0.978897213935852,272.27105712890625,666.3126831054688,0.06987542659044266,371.6700134277344,814.08056640625,0.9931500554084778,376.85125732421875,799.9973754882812,0.9286592602729797,349.8032531738281,1056.24755859375,0.9966793060302734,342.2178649902344,1018.2506103515625,0.9123978614807129,376.57440185546875,1288.1612548828125,0.988705575466156,358.63037109375,1186.244384765625,0.94789057970047
421,265.72479248046875,394.3457946777344,0.04786263033747673,261.4794616699219,372.8977355957031,0.0669308677315712,281.59808349609375,371.5820617675781,0.0022463707718998194,282.2298889160156,366.13427734375,0.7841730713844299,355.40484619140625,359.64251708984375,0.16537004709243774,327.608154296875,464.0855712890625,0.9766210317611694,377.67034912109375,449.6829833984375,0.7057965397834778,324.43280029296875,669.65869140625,0.7964959740638733,345.50262451171875,646.4302368164062,0.043737903237342834,226.73196411132812,725.2877807617188,0.700267493724823,245.9595489501953,721.255126953125,0.08510731905698776,377.292236328125,796.8165893554688,0.9707450866699219,399.51226806640625,783.5908203125,0.7776636481285095,364.1340637207031,1054.5889892578125,0.993192732334137,350.40234375,1011.1173095703125,0.8410282135009766,388.7452087402344,1291.3857421875,0.9845829010009766,364.93646240234375,1179.530517578125,0.9098785519599915
422,280.2798767089844,393.54400634765625,0.0849103033542633,281.2008361816406,373.9737243652344,0.058298248797655106,294.7596740722656,374.8716125488281,0.001816204865463078,312.1312255859375,371.4269104003906,0.6345553994178772,363.9244079589844,368.54119873046875,0.06802110373973846,361.6488342285156,485.72607421875,0.9940945506095886,375.9598083496094,480.66656494140625,0.8942121863365173,369.5118713378906,673.5935668945312,0.9881949424743652,347.2140808105469,655.2518310546875,0.10616976022720337,277.4517517089844,768.401611328125,0.9743191003799438,284.2424011230469,741.9967041015625,0.11237799376249313,365.67681884765625,795.715087890625,0.9941096305847168,371.8720397949219,785.1470947265625,0.9659594297409058,371.64031982421875,1043.1884765625,0.9974828362464905,341.6957702636719,998.2759399414062,0.98225337266922,392.9584655761719,1280.7451171875,0.9916203022003174,362.760986328125,1154.845703125,0.9910963773727417
